Year,Mileage_km,Engine_Size_cc,Num_Owners,Fuel_Efficiency_kmpl,Price_INR
2014,127989,3062,3,16.2493452705031,1636551.3729367047
2017,281393,4029,2,17.23789948737049,2206040.305820294
2001,249255,2916,3,13.180935517554538,261566.21593965558
2009,115361,1192,4,11.090743916338145,166000.0
2022,291744,1908,4,9.460476599447949,166000.0
2012,286366,1410,4,20.14002539572357,166000.0
2017,46139,3575,3,11.335982788693546,2317649.0028667
2014,119919,4798,4,19.73128102120956,2897154.0351519957
2011,252677,1472,4,14.636399582798216,166000.0
2014,230756,4477,2,15.068171616824074,2320564.7262218
2012,144718,830,3,15.97601743357712,166000.0
2017,149615,2200,2,14.251044638168235,725845.9995951366
2014,230568,4871,4,9.710539612784032,2392846.612531951
2022,158857,1416,4,13.26374077004838,272817.23163494456
2010,28777,3586,4,19.283484131796953,2040120.7753155408
2018,62939,1670,3,19.318334824970805,1204333.9315725681
2002,28548,4996,1,12.865813223079904,3062598.0498129437
2006,130549,4404,4,15.821744651480696,2144556.0835514204
2020,142799,2212,4,11.288602876202937,728835.8380744341
2013,246532,3539,4,11.576325386007209,1574976.8958726474
2013,186789,1740,4,8.391800502912325,166000.0
2021,152764,1140,3,23.244691348431658,166000.0
2012,36625,3708,1,11.582013306273407,2679042.109654893
2011,292062,4933,1,11.868075907919877,2448658.743323424
2023,119881,1459,1,12.75322435496724,801871.4421969655
2008,282721,2833,4,10.165937218822293,252169.1911795427
2000,116776,2360,4,18.86746901408317,293476.53179892316
2018,238996,4257,1,9.277430204018971,2378051.1138297785
2010,262831,2456,1,10.281441247547955,322418.7945300278
2022,217803,3775,4,18.960864352031578,2389199.3327531912
2021,163761,1849,4,13.774230548184526,375011.75362950785
2022,147226,1253,2,20.035113053920213,726087.0009889965
2023,26341,2504,2,17.476220659392414,1991631.1840454794
2021,210753,3584,2,12.352359942045723,2022792.4568854626
2018,254141,1618,1,19.064075158318577,369522.6868885744
2017,204488,812,3,9.976652564978972,166000.0
2011,261139,4779,4,17.11897651236052,2397483.3919651583
2022,83840,1720,2,15.431517785765589,595874.9152504334
2000,170767,3218,3,12.553850907896493,764632.6125562399
2018,166297,2114,4,18.268084961571503,591843.2343434701
2019,54156,4477,3,22.812671069784802,3163770.941704715
2016,213281,2817,1,24.981379895972303,1375502.2531520342
2004,92453,2028,1,18.331967068638214,713405.1980575555
2002,163901,3234,1,14.879999863595891,1330180.4074865764
2001,30938,3668,2,11.828520703675427,1990386.2853762794
2002,64164,3315,4,12.3706335197169,1293516.801254972
2007,204271,2238,1,16.15073462854602,509174.27351284144
2015,65282,4964,2,14.243720921772058,3525276.8926466582
2005,270470,4343,2,23.534846884624052,2032303.282162138
2012,163666,3975,2,14.261022950147062,2280240.573659073
2022,120819,2581,2,14.348558049472404,1593576.298332066
2021,271907,3063,1,14.520086711377608,1256965.3903860995
2021,146900,2769,2,22.22254357625019,1617139.4974976277
2015,278365,1011,1,19.06340145439733,166000.0
2015,18569,1307,1,18.440870455421177,763532.8881298931
2002,232966,1131,2,13.680431380525658,166000.0
2012,42860,1350,1,21.90437100615147,802462.5074633721
2013,207630,1741,4,8.65218564304692,166000.0
2007,149587,1527,4,22.803551929747925,166000.0
2011,76695,3662,3,16.716748296496803,2192462.6183518474
2022,258078,4043,4,14.770253992678018,1987712.2342984865
2022,247599,1448,1,16.451843772200657,166000.0
2021,160976,3537,1,19.34606401907513,2048401.5717630694
2020,196007,3547,4,8.217012250804256,1612088.55992259
2007,10636,1809,2,22.816381559790212,1001624.6791349702
2020,266578,2350,2,15.594571930293679,612887.8953283067
2008,288816,1603,1,13.830430834901328,166000.0
2000,272956,4880,2,10.350174615778972,1963373.0923323755
2005,232693,4201,3,15.470911364093517,1785405.6350501152
2022,5654,3961,3,16.437487111834443,2984325.73259689
2018,59633,4955,4,14.861993806389123,3654894.000357364
2022,22143,1327,4,19.53722159505725,1064474.543310961
2010,60934,4098,2,15.155240988906842,2423985.8241175725
2010,108463,1823,1,24.344098823391747,624823.6701078712
2022,130851,4534,4,18.18771780300106,3263325.518932085
2012,34087,1232,3,21.72712490608245,428891.53891258873
2010,147690,1976,4,9.859050352861141,166000.0
2017,275590,1200,4,14.753951980080398,166000.0
2022,163272,2904,3,13.726410924601595,1545704.2635697545
2014,231179,3850,1,17.68120059832206,1797049.9999849023
2000,197537,3033,4,22.638929841044238,635289.3394356852
2020,222508,3245,4,9.331749701954113,1390726.616523912
2006,123422,3635,4,9.233771566760083,1780363.5722779825
2022,224631,3313,2,22.45540103867918,1851615.657148261
2012,44148,2573,4,11.618451462652075,1451784.0330091023
2011,156770,1896,3,19.368805325646832,651780.8553038413
2017,192535,1728,1,17.228928250133688,744315.3640646639
2023,83012,2751,1,22.1591911130829,2187942.034979181
2018,61116,2773,3,10.12651146721886,1350652.6918145635
2014,149233,2354,2,10.206310417284392,957924.7305839624
2007,37152,3578,3,17.46591212473123,2283527.7226475864
2018,111379,1794,1,24.088437107092304,1039708.066475453
2009,231905,1412,3,15.054961892302822,166000.0
2006,25836,3393,2,13.558015704329815,2122266.031895473
2017,226439,1395,1,18.31371849436406,201469.25761380553
2015,191720,1641,2,23.817626209265526,561103.7931339769
2019,162403,1658,3,22.227773158358602,628487.9797380584
2005,146835,1244,4,24.92322138246474,166000.0
2008,98109,2588,3,8.38366591444041,842699.4382356299
2020,155259,4254,2,9.918588460116958,2876373.610961085
2012,148029,4752,3,18.360951977232574,2712071.290365744
2020,87018,1830,4,21.949799468675444,945545.5353106803
2007,128076,2095,2,12.849153819215031,334187.72529105976
2015,163177,2863,3,12.06658849658172,1531541.9698467501
2012,184425,2247,2,21.378588589480415,1028158.5685167655
2012,220657,2845,2,8.958491515504937,742112.1725640211
2016,7637,3650,1,14.279505008903946,2802797.7012123936
2022,242989,4624,1,16.598756784069607,2784593.0006867233
2019,237259,2868,2,17.525927463955497,1373826.3559808698
2004,87464,4561,3,20.38645766547721,2725176.9880691483
2021,295886,3075,3,14.03237729832119,1277003.6880399336
2020,16831,2608,3,18.415633859468322,1999089.3343866835
2016,118768,2111,4,17.951382187446256,1339013.1745720934
2008,251983,4855,2,17.3094737111137,2229122.4686127044
2001,109824,3251,2,18.88821598341761,1110144.6284882708
2017,93741,1889,4,12.410635908157296,655608.4327589684
2008,23830,2472,2,9.439028810938693,977767.3261785778
2005,74202,4475,2,10.027618424675637,2329021.429028621
2010,222394,2803,4,11.817900505116318,479013.8157880682
2005,207123,4998,1,16.50336490388735,2496652.0491028796
2005,162699,1924,2,22.287526759282343,166000.0
2012,282342,2021,4,19.921986815502528,166000.0
2010,111471,3660,3,21.413690271434803,1975135.2243656518
2013,296619,3073,1,13.966585606743553,940667.0516431113
2001,241824,3790,3,14.879113608025353,1292566.3264603761
2007,24403,3310,2,14.692592061840418,1849715.0391128343
2002,8681,1036,1,11.261844134876526,166000.0
2022,120260,1944,4,9.040683188440724,868732.4986195401
2020,178364,4053,2,18.045573578062857,2227535.6664928864
2002,110386,4582,4,24.816683618149963,2074520.7335754929
2000,238378,1566,1,10.836104984154469,166000.0
2023,98246,3481,3,8.793641938287653,2377157.92674968
2018,100864,3465,2,21.25203859100686,2696308.782996214
2017,213886,2559,2,12.293962113640312,968666.6204803195
2016,275561,4291,4,22.103944690999782,2215454.12493544
2019,170837,3615,1,19.966923339586764,2258478.9186018687
2023,250160,4313,4,24.076450129863677,2575634.790938861
2012,192646,1295,1,14.951763007863423,177833.0016609554
2002,264278,3980,2,19.25348727066078,1053171.3808841133
2000,294819,4730,1,15.902531273825602,1914543.467902404
2003,261681,2872,2,18.72000785424524,884043.3775733135
2012,176635,1137,1,15.643181402131535,166000.0
2016,16332,4749,3,11.206748189209272,3711419.331837527
2010,259817,3908,1,16.634256072057475,1631578.8839742665
2001,286321,2617,3,16.985931424436522,166000.0
2015,225326,936,1,21.780265420422737,166000.0
2001,204519,3355,1,20.50385199849088,829139.9740013926
2018,266849,1715,4,19.284457607004548,166000.0
2022,85730,4338,4,9.927580624393734,2770977.075187194
2018,242474,2900,2,20.250476941283154,1416853.7861787
2015,295477,3707,4,16.50518765802675,1522343.9806667974
2021,288817,3714,1,23.19969211380471,2073934.3885784426
2018,45870,2782,4,23.637805880219226,2025388.1584896862
2008,258017,4670,1,8.937662040230354,2137945.8373560095
2000,132536,4367,3,21.950906526026138,2351991.305475598
2009,289965,1798,1,8.6408556371854,166000.0
2018,30494,2947,2,14.241883636815384,2108980.600243977
2000,104477,1195,3,17.219099585558347,166000.0
2001,210232,4398,2,10.517713576661166,1904090.0246602227
2015,285790,1738,2,20.687334813674305,166000.0
2011,128777,2436,2,8.142029970926355,1037700.7561322567
2007,82360,3524,4,10.866183823378627,1496567.8941092282
2022,138501,3310,2,17.873546107509085,1996301.6170997706
2017,65654,2449,3,20.14458855463397,1627718.9113579236
2001,124975,4490,1,23.582932745796576,2505832.093959443
2012,204215,4235,2,19.993443082888604,2218602.9300945317
2005,107326,4001,3,19.42024759433272,2266552.7936568493
2020,82527,4979,2,14.703799487961293,3559860.626761867
2005,171991,3091,1,8.021835233955624,1038696.4066698017
2008,101952,1013,3,10.042707398505573,166000.0
2015,151895,4037,3,17.087427260852664,2595494.6719347225
2010,51015,4662,1,19.477208059355135,3536587.5066901697
2006,107877,858,3,15.096620826239862,166000.0
2009,282483,3730,1,20.421543195982636,1719889.8492807336
2009,139563,3771,3,16.871659020647037,1760286.92033314
2019,102493,2327,3,9.260995325103307,1011250.6951928526
2017,151800,922,1,11.26427626645513,166000.0
2023,196480,4519,1,22.27996979514703,3416921.620114597
2019,126648,2236,3,20.32351669261547,1026240.5221507875
2008,292307,1962,3,23.210953779212417,166000.0
2014,153790,4100,1,9.998473235055922,2240132.314941833
2003,92508,4145,4,24.833783088456258,2339080.030491177
2007,219839,3286,1,11.559914137148871,1114587.5369975928
2008,279270,1361,3,8.200257896872914,166000.0
2012,69926,4781,3,24.956189963910422,3377125.839055799
2008,45633,2537,3,12.778256052566924,935952.916354113
2003,213726,1704,1,19.35633069271352,166000.0
2016,8317,4354,3,11.003599340997187,2789720.606032624
2015,197718,2526,4,17.86388504738541,589213.7451617949
2014,192035,3723,2,23.36859476972751,2088199.2653510757
2002,185388,4331,4,13.443079846283457,1435911.9431232198
2019,282648,4706,1,19.394317592754106,2477066.2817525133
2004,204665,1734,3,11.19436100957308,166000.0
2022,217369,874,1,18.62152177821833,166000.0
2004,60501,1094,2,13.719655980897674,177865.22085214674
2019,189381,820,1,11.590540395995179,166000.0
2014,32043,4042,3,13.324094861961797,2593486.395891874
2017,38635,1838,2,11.040298164632588,1142958.544187879
2014,215387,1909,2,23.332573833244005,579815.5800738394
2001,85691,4571,3,14.752177067391191,2339016.9988866425
2012,282510,1171,3,12.169748184564245,166000.0
2003,98944,1974,3,15.622933297270858,323101.55014955864
2009,208179,1964,1,13.449114835710425,213740.0742536506
2012,44236,1892,4,20.655127314826544,785818.8069289981
2009,271294,2083,1,24.510738502053403,336322.759249391
2008,286567,2811,1,15.446572163859996,487168.9331571467
2007,9137,1645,4,22.637567799528085,432983.4825740285
2002,34992,2791,3,17.61967225051353,1278407.5324365967
2015,120140,1320,3,10.67300630660197,174261.94005602607
2013,180993,4996,4,19.740586615382806,2697929.727127946
2008,126225,1042,4,16.72838645113894,166000.0
2020,215047,3600,1,19.06031089528576,1827556.2419909148
2010,24122,3696,2,23.124686013718303,2466976.653680927
2002,291100,3402,4,15.487387701152784,543356.2188303331
2004,68879,3073,1,23.320019594695047,1591741.3389717173
2009,63560,2341,2,20.76137324278813,1100094.7572207851
2012,204757,3565,3,16.30628373992574,1901991.1241459146
2003,242268,2914,3,18.254776306185384,412990.3279022201
2023,268312,3883,1,13.534879252823195,2573317.001527203
2012,171969,2657,1,24.72115409555916,1352072.8534216366
2011,151104,1569,4,19.344969771856732,166000.0
2004,270660,2222,3,8.745396492442708,166000.0
2009,155823,1206,1,13.552572397716148,252255.25817791204
2023,35373,3772,3,18.59634537390398,2795724.9445541855
2008,127026,2672,3,8.957665722587077,698809.976451505
2019,35270,3494,4,8.406031252425427,2186881.8301593233
2006,237931,3069,2,15.650412071972644,870488.9527908628
2001,200889,1981,4,13.65573305477539,166000.0
2021,70184,2239,1,15.451076336563819,1578302.5809138482
2023,215765,3853,4,12.465786267960087,2375626.1261948072
2022,42879,4133,4,10.800201698030676,3000359.1250310224
2006,8626,3697,3,19.715437068665743,2273902.5691499556
2007,90936,3703,4,16.74770897655261,1792502.934529291
2006,239873,1028,1,11.402621591239235,166000.0
2020,86515,4759,2,13.433020246419971,3303332.6457330557
2022,213137,2693,4,18.06073443027654,1500481.364362066
2013,60390,2113,4,9.227898920632123,1147292.3402030766
2018,228032,1870,2,10.506701157525052,366299.07179277256
2004,59144,1774,1,9.245175269825632,424030.8048583823
2022,149454,2538,1,21.80939465614002,1811931.3794600228
2017,9025,4085,4,20.790956964604156,3215962.6869821646
2019,259043,1557,3,20.80631984194737,166000.0
2011,123910,3895,4,20.177530839092476,2053162.3598282423
2022,101055,1120,2,19.379552202387778,321912.64240221004
2016,210782,3121,2,16.108862561428975,1511496.5982831742
2012,288539,1355,2,18.918728779620956,166000.0
2001,277869,2186,4,8.652146431395568,166000.0
2012,38461,3847,4,18.564895185165337,2394511.0918742623
2006,263072,3227,1,21.223920994126914,843834.138184003
2009,46115,2804,3,16.506092126534632,1347743.110799998
2022,115084,2730,4,14.077726583263027,1656960.4932797318
2005,164762,2963,1,12.716254491616645,951859.501492242
2002,268551,4667,4,18.927634852755403,1736884.979854378
2002,78568,3226,1,19.777620376708448,1372197.5514141058
2017,63560,4593,1,22.806449197663223,3543043.431495504
2010,153866,3313,3,13.819679401836844,1461803.4069762798
2021,155953,4603,4,21.086129225554956,2904307.559638707
2019,222364,3127,1,17.543049011218745,1600437.6401709404
2004,241770,1417,2,23.008220341527345,166000.0
2018,231024,2965,2,16.972805841025554,1192180.8642420731
2021,185775,4108,2,16.799707082765444,2340489.305269611
2018,96288,1792,3,17.823910384495456,1143867.0682086358
2014,254836,2177,1,20.738361037421384,448974.12423928943
2015,19390,3974,3,24.399738140083837,2942924.9759963676
2023,223547,2105,4,9.250577021668017,725788.9245730609
2008,32307,3878,4,8.908388240647291,2780868.3559314455
2003,232436,3486,1,23.938355735924755,1123562.5545347992
2014,230121,3783,2,17.007885633809504,1919390.0689998383
2011,256063,3323,1,18.45335124763791,1220300.5013519675
2022,29502,4382,1,16.20120122711039,3486627.4498102986
2002,27486,2285,1,9.592176694327065,784658.0376387022
2022,174330,2900,3,21.05751943311733,1472726.5979348507
2013,193788,4515,4,20.702818966505976,2450042.2287877453
2016,233300,2801,1,13.298956465377804,876130.2312752645
2018,108920,2187,1,13.206067168882807,1366082.7710444252
2005,217566,3983,1,22.243303475393816,1868360.425073077
2003,67785,1830,3,9.230073381602553,298935.6736362414
2006,81050,2565,3,22.97878752206162,1059153.0632831499
2018,27738,2020,3,12.363248728230545,1166261.3758094767
2016,79231,4606,1,18.080740711843397,3385547.2540743765
2015,78606,3214,2,23.91190104303022,1964110.2523349344
2014,232369,2418,2,19.52808252612299,684848.4078210278
2021,282267,2063,2,15.045306811939621,315938.1997743743
2007,161688,1671,4,19.72208155139206,166000.0
2018,278326,1634,1,13.847653817378294,166000.0
2007,167403,3622,2,12.713393077936164,1831908.08894742
2017,182170,1718,2,24.943615724889554,472033.088009641
2015,31128,2524,2,20.763433930056394,1922532.2283960853
2019,36556,3213,1,18.9602396154909,2675242.1029686015
2018,263470,2113,2,14.039923934728419,223476.28603475387
2009,157948,2905,2,8.835734095635818,891662.7208658621
2016,145021,3368,1,8.527966892597645,2303710.591670165
2012,56962,1938,4,17.42108134262958,1080491.3566475569
2012,95054,1009,3,20.954556257663867,166000.0
2006,207278,1864,2,17.135446237545537,166000.0
2009,29099,3020,3,22.29334622296495,1738188.1944119849
2001,240943,1033,4,8.568251062584768,166000.0
2003,188683,1592,4,14.234785299240983,166000.0
2005,174957,3910,2,12.030196649961027,1385558.9895158214
2023,201292,2966,1,15.603640458671075,1500060.3710531055
2017,12837,1134,4,9.230398684300082,380672.4643025788
2022,185427,2159,3,24.220237906708235,863246.7381579272
2005,183371,2014,3,11.795341818179136,166000.0
2022,253003,1083,3,23.67923218322094,166000.0
2016,107413,1012,3,15.240183635623591,166000.0
2013,56012,2458,4,24.753910265338707,1530230.5512692125
2023,135193,4878,2,17.418992518823583,3568926.0967207286
2010,223168,2217,2,23.824158690988725,519339.54033239704
2018,153178,3186,3,8.090932807801789,1749408.8041392376
2001,63123,2594,2,20.7200597050753,1152793.5675999098
2002,116825,904,3,23.35186110274276,166000.0
2010,13720,4693,3,10.37524963864222,3062644.5064571477
2005,173733,4645,1,9.634139479446576,2309965.3589232466
2013,251103,4490,4,15.217734322161245,1891252.8015269132
2018,229970,4092,4,23.8725414042599,2144557.888226893
2015,229866,1178,3,17.22057152323746,166000.0
2020,155862,4093,4,16.966759883269447,2708308.817857787
2021,63655,4129,2,10.399144011088472,3162938.1984864553
2023,195715,4238,3,8.01342168858472,2208509.7001833
2006,98448,1024,1,21.77238154267284,166000.0
2007,183446,1537,2,9.48876757076605,166000.0
2018,178979,1035,1,18.775446918500506,203547.044651418
2019,186143,1511,1,23.548479726758256,479489.0820533919
2015,125507,2688,4,11.547082523693327,1271488.050006329
2021,65186,2059,4,19.309638216027484,1039801.6686355585
2006,127066,1548,3,9.33787580402766,166000.0
2008,186323,4786,4,18.26383744523942,2221633.4437375627
2012,201243,4351,1,10.786839256204447,2221769.566451366
2000,41160,1309,1,20.511210528758028,166000.0
2007,24156,2623,2,13.12093201149644,1090438.7858223063
2023,81208,3741,1,15.877647149678985,2881277.318904357
2021,154001,2934,3,18.190319214469568,1982885.9425211304
2003,236226,2577,3,10.911647981326073,620411.723395134
2002,246766,2022,4,20.607842916499557,166000.0
2002,200413,4467,4,13.144885790825848,1992970.2457889176
2021,217909,2577,4,19.26032161851681,1094836.698763516
2012,70439,2104,3,10.690811861889351,925780.2372388865
2007,143266,1501,1,19.698000206507956,166000.0
2006,207459,3789,4,10.17919723777785,1364772.5937672644
2000,126361,951,2,15.231060436589722,166000.0
2015,217986,2125,4,12.202503253560906,218645.33901563994
2005,202286,2101,3,20.722379240279103,166000.0
2006,34777,4522,4,12.454595076616869,2685482.328518257
2011,261427,2511,1,22.989194208721734,854011.5245416479
2022,162255,1606,4,23.160943593912418,410632.07316875114
2008,203110,3522,3,11.33950235878736,1305533.232527
2010,186649,2125,3,18.435381065131313,741076.8835439276
2009,283011,4933,2,9.491199909239393,2440682.253822639
2020,67501,1959,3,14.656130693227697,1356596.3416231049
2000,150338,3669,2,20.12646940152163,1556022.3775348125
2017,171280,2042,1,19.210195196448577,941222.8358329263
2003,126544,1147,3,18.619911379912335,166000.0
2004,143439,2631,4,12.803194682261541,856493.5996276761
2008,260230,2369,1,14.426424140384835,166000.0
2016,40362,4735,4,9.750084459904865,3000535.8450641464
2002,255449,2718,4,20.223387947371215,462402.6107592017
2015,174357,4032,4,16.56610954545165,2105012.235396876
2004,131683,4558,1,20.049015749876126,2503463.5604311028
2015,261157,3155,1,12.232039921546837,1031709.5888564074
2002,210827,2197,3,13.515449886796127,166000.0
2019,207918,3580,4,13.68166073342195,1521862.5671264494
2014,220757,2624,2,8.437620965702676,1126464.6073042557
2002,112669,3291,3,13.7978138381206,1285772.9750840268
2019,213030,4860,1,21.65617774980657,3167598.2607141775
2013,163998,1204,2,23.254074427745557,166000.0
2015,108215,2521,1,16.809711365810767,1584128.2567707093
2016,103707,3625,2,15.743528818726745,2457225.962378934
2023,97837,4645,3,8.524018517889294,3437046.4000856197
2019,250847,3992,2,22.946473738951504,2133536.052635313
2022,232544,864,3,8.221173628239836,166000.0
2017,272614,2099,1,24.0607513635736,722889.6274387394
2017,232467,2215,2,16.316676227697542,559022.1911476023
2021,151025,4393,4,13.812886390770352,2749882.4631702686
2013,240652,1768,4,23.711713392325223,166000.0
2017,96493,1168,1,8.414646882871644,424017.91191919165
2014,273667,1032,2,17.88422321277448,166000.0
2014,222995,3042,4,17.33185291648874,1217287.2862952778
2005,193262,3883,3,11.728446820593495,1497746.7236184657
2014,298313,1720,2,15.29108633295358,166000.0
2017,50641,1488,2,19.088488101044092,972719.4134082336
2003,159062,2269,4,20.36123034699277,583073.0239058603
2022,34661,4422,3,8.012186598011857,3510592.4530321164
2007,149491,2900,3,23.92650831154726,1411323.283964994
2014,281601,3065,3,10.796931330677811,1088684.183070847
2002,108619,4589,2,11.970867381780106,2484686.4600169966
2014,38085,1623,1,12.479048576795421,862032.1808229194
2012,102064,4231,2,8.6429423213846,2671024.8783425875
2008,186726,4951,2,10.091886101035524,2751967.847215071
2001,110723,1597,4,24.767948690050755,166000.0
2023,138114,1579,1,13.358684535413863,860351.7491500427
2007,38477,3650,3,9.960118535763838,2033332.404207437
2019,119161,3692,4,9.818851439968597,2010081.9210991096
2016,164788,2693,2,20.23081945038952,1561867.8859449401
2012,144133,4106,1,22.527667288554895,2570450.4012500057
2000,144681,3702,3,12.368189091643988,1731131.3596992993
2001,246422,4518,3,8.355461709698995,1351157.6475278311
2014,275001,821,2,11.79253031357105,166000.0
2011,147692,2300,3,8.960766743544875,620244.9748335296
2013,13177,1642,3,9.757713922710705,911958.7633233975
2001,256842,2560,1,15.33563803740992,300789.2072729675
2017,94941,4441,4,11.908612304647754,2877246.291451157
2021,263121,991,1,16.771079934932196,166000.0
2006,16826,1195,4,12.309393805372236,166000.0
2022,149962,1673,4,23.98913411875011,761503.099979376
2005,131044,3421,4,23.401047454746497,1295613.1927749442
2013,194103,889,3,17.635703785177924,166000.0
2007,10495,3079,1,14.025207863785564,1997986.4771670927
2021,33481,1256,3,14.479496994590505,565827.6709122575
2001,147339,3080,2,15.001488813456447,1298456.954055437
2016,241774,1804,1,20.368848476294048,578754.2178499709
2004,142815,1144,4,15.677862923820244,166000.0
2013,108475,3511,3,22.564409090600257,1936754.3145357543
2023,184845,3262,3,24.049611360816197,1628137.7760033873
2019,54476,1916,1,13.711084607441876,1129898.438300545
2020,228177,1425,1,17.531806183386564,363563.91975523526
2020,295696,2779,4,9.615961126153595,630849.9942765232
2021,201314,4794,4,11.407973812028104,2911431.607719918
2002,165020,2478,2,15.02891803407272,248179.54253083764
2004,212383,1022,4,11.505446170330242,166000.0
2015,74093,1543,3,22.9015283434082,597221.2886644701
2017,74123,1262,2,10.690866353004667,421338.0987188398
2016,21535,2368,2,15.746233966402563,1582540.0666110357
2010,51562,4147,2,18.296887087817886,2532178.971189658
2016,261323,2536,1,19.761686438734355,700521.5458141865
2015,263916,4839,4,14.512179285350616,2575674.6579913883
2022,194607,4751,2,22.774684168320384,3289503.4053394
2001,235063,1464,1,17.661425568324734,166000.0
2003,46269,2156,1,15.471632267608381,912186.0127357171
2020,85674,1814,2,9.143090778884623,952084.6523078147
2006,290291,2932,2,15.899720963567805,251769.95529654212
2001,82095,3468,3,21.952509293867415,1612276.5326158449
2005,249172,1854,2,18.447197309762362,166000.0
2016,205003,2564,3,22.146761713395012,1346709.5893556043
2006,95925,3669,2,16.398198400188196,2078926.1443715044
2004,71381,2212,2,10.013848986606192,923444.8993414446
2004,104468,1467,4,8.231877379209978,166000.0
2019,247330,4170,2,13.15473229421605,2119972.7204103726
2015,18731,2194,2,19.865838015462472,1511501.8809375525
2018,56024,898,3,21.434418367008796,368364.8701722087
2008,121712,4870,3,13.0277981885456,2642856.8253479237
2004,106121,1221,4,16.4261166550152,166000.0
2007,270976,4450,2,15.159021375379387,1873432.0338808869
2008,37332,4957,2,14.978887333974274,3603064.6219497826
2004,17467,1932,3,11.932928124402558,263255.62965018005
2009,46025,2502,1,10.318308785500793,1510106.0336781763
2001,149179,4420,1,11.343705489930624,2003304.6521295905
2008,82994,3990,1,8.940650581776884,2099424.55457074
2010,99202,1397,3,11.36822261100081,260904.58892899845
2003,48481,1191,3,8.156415259631451,166000.0
2021,80118,1875,1,18.66339281081163,1492822.7252547506
2021,128714,3450,1,13.37838192559061,2435334.5632573697
2021,229699,3184,2,24.543460094257448,2106824.857853082
2001,165185,1609,3,11.293189863197064,166000.0
2022,89363,4109,3,13.879085695263097,2870531.128104923
2005,216027,4538,1,14.083299696906064,2247736.5036039837
2013,278958,1959,1,8.14367543306183,228895.1874942562
2000,277168,2331,4,22.266535201670802,166000.0
2017,199360,3482,3,8.543905822453521,1515331.3319525192
2006,62836,1053,4,23.983057190397105,166000.0
2000,274579,4348,2,23.165263968591553,1301019.7872835747
2000,260095,3985,4,17.10387257346138,1165501.0505167716
2000,266176,2031,1,17.241124773491965,166000.0
2023,254717,3223,3,19.11422469025466,1612118.4258050423
2003,139479,4375,3,14.579850202893079,2276075.7628864767
2003,37940,2373,4,19.00277881776354,803423.6359079981
2017,10666,3708,4,8.761062607704277,2793210.9737389116
2010,161164,2425,2,8.918809664945352,461028.49113462376
2000,211717,4798,2,15.772917133532253,2359794.14756752
2009,31505,4683,1,17.343579118802595,3409120.414735672
2008,41713,4315,1,23.092899885708924,2718321.6688831937
2022,209354,4203,1,9.779230776434236,3024497.9845295367
2003,82511,2758,4,21.985014762296117,1056088.8776604573
2005,217204,4809,4,11.570804733965183,1974486.410905987
2015,255694,3535,3,14.699422024670541,1219353.8312753842
2001,254836,3974,1,13.38224139206602,1347472.81451679
2022,239561,1201,4,14.802639638711783,166000.0
2017,8880,1774,3,10.558423467233954,1046876.9872936679
2009,48539,1023,1,16.560691264860434,166000.0
2023,245056,1035,2,21.627924027133243,166000.0
2023,224057,4298,2,15.506078176441248,2581557.795506826
2016,19799,4034,4,16.340430790269384,2510601.2576565538
2012,109843,1025,3,22.42904894978234,166000.0
2023,53784,3077,2,20.002987948846524,2020754.709490888
2017,118034,2141,3,16.33772494483634,1036121.0588122538
2021,205598,4836,3,12.380826019216055,2788606.173692069
2012,59362,1009,2,23.04375469636443,295261.8468756724
2016,58997,4527,3,17.809346828739493,3403844.0542901605
2004,186413,4728,2,11.759509371881787,2150841.6221587495
2010,281693,3603,4,12.575035794846176,1251878.1831074578
2006,221398,1909,1,21.653262511916182,166000.0
2009,265464,2826,1,8.750474555486743,933192.6147639671
2016,162255,1193,4,24.86556717948994,166000.0
2014,29624,1643,2,10.21597855515146,648313.8084214034
2017,198587,2324,2,21.533164931747933,1078316.0706326335
2022,239784,1403,2,14.71118038511861,166000.0
2021,51705,1381,2,16.367675115886936,731677.0375783079
2018,94326,2739,4,22.971059816897824,1561415.2777436746
2001,73369,932,1,15.019490223016625,166000.0
2003,206893,3638,3,17.137393812444987,1506216.6890732322
2002,276733,4185,3,8.83809426095589,947261.8489855779
2006,118012,4570,1,8.039907055746703,2569144.0465111653
2023,180858,3068,4,12.16159784102934,1686495.820873658
2017,230758,1775,3,19.569912579619043,291577.31227031414
2009,128711,2613,1,10.061503187105323,1272097.9210319151
2006,81425,4063,4,9.93395329967734,2066438.5500347288
2007,20994,2343,3,14.986330336610356,1079702.4441848649
2005,116915,3635,2,19.013229656339853,1949799.0670994564
2021,109672,3538,2,20.105223868214818,2499634.0094942898
2000,293783,2157,4,11.033661459672372,166000.0
2003,284349,4934,2,9.352998505324722,2077111.3357597294
2013,37930,2116,4,23.98674957707425,1058730.8463054695
2016,78313,961,1,12.43132850355573,166000.0
2019,229923,2709,1,22.506890459348305,1248256.9240120898
2017,118153,1927,3,22.67935465786791,1129161.817908231
2010,285460,4670,4,21.132884059963256,1553058.1603017615
2020,237911,2458,3,10.870171313093692,842423.6003680038
2013,101058,3925,3,21.970624807321407,2461760.792958772
2008,92876,2763,1,21.077259507106973,1190212.6115844478
2014,90366,3089,3,18.14429083180569,1835960.9731445508
2011,18403,1766,2,13.732434597872196,949340.7949687128
2009,253550,1689,3,12.462646272531249,166000.0
2018,266420,3861,4,10.072116605366102,1203480.6771836157
2023,168004,4429,2,16.665870137314812,3233327.4866472627
2018,257396,3989,1,17.94943488366739,2044672.9260911946
2005,62241,3548,4,14.108762838768381,1872715.5590845826
2019,146439,2466,2,16.081104150574767,1414022.7264928005
2023,70030,3866,4,14.179745775277533,2593007.5636568046
2005,182577,2241,2,18.897102974451922,529663.7114662594
2007,169404,1867,4,23.321406532541577,166000.0
2000,212397,3723,4,10.786644454798063,674352.1361795139
2021,110185,4656,2,14.4839497683531,3509490.9757922725
2016,41404,1626,1,10.394766267164641,765149.0561742373
2016,60182,4785,1,18.624044096933144,3432607.917194573
2023,109601,2892,4,20.39079866130613,1802094.173683586
2014,183735,3979,4,23.84251645415675,2192546.8195433486
2006,127002,4701,1,12.740822746436404,2705262.4693943756
2018,230461,3162,1,24.153590499712312,1786475.5617966147
2021,89146,3024,3,9.075465420951472,1653261.5911440374
2022,52997,2526,1,18.251235677197997,1848876.824749985
2002,12170,2806,4,8.971256228836609,1121641.839393313
2021,149375,1066,2,23.194161191953064,632946.1163677659
2010,40187,1637,1,17.00675397019092,749853.1845284854
2019,201106,1486,3,19.37892196296753,402627.10035309184
2018,137965,4161,3,22.136756740477693,2715445.5699101263
2008,149825,1156,3,10.555280582227468,166000.0
2009,43090,4615,2,8.656056552948275,2924360.7843759446
2001,258478,1671,1,22.940979480518486,166000.0
2000,22509,2773,1,13.353864866801853,1409556.9994563933
2015,73653,2610,1,10.19264143476181,1760023.3682347538
2017,173001,3441,2,15.96384103048047,1964782.6318219048
2022,271186,3028,2,18.17120328683232,1596014.9692325478
2016,198646,4191,4,8.526500258182672,1930033.9078393043
2005,228354,4978,3,12.673226190370492,2246617.790297021
2013,19016,3150,3,8.557597862707233,1810405.5038424672
2022,292166,3539,1,15.145701616323482,1820997.548916195
2014,237034,3530,2,23.21670049412615,1649519.0362627113
2013,32938,2118,2,24.705090995390677,1488494.1180711617
2023,179750,2335,1,18.829808409561668,1184116.0354677383
2021,265710,3243,1,10.74784079433806,1525550.7987573445
2002,237320,2572,4,23.399439629988198,365831.1110858385
2023,192877,4009,3,16.77621299440103,2130675.325050316
2022,138058,1677,3,10.613738305749607,973848.1528922571
2018,81478,3670,3,23.669353380678245,2514374.3532291995
2011,132101,4000,4,20.87697386229275,1869181.9904438148
2001,196996,4944,1,20.438989636293577,2572517.4151262194
2002,210380,4547,1,20.05607196450488,2201915.410294324
2017,237200,3636,3,11.40577695863952,1628241.4305043821
2000,68745,1092,3,11.587113759027943,166000.0
2019,137283,2451,4,19.700980973263334,1334717.6994130625
2020,106489,1336,2,11.735286751876746,537703.8577911122
2005,36819,3486,2,15.45741884565183,2075900.1380729638
2004,52779,1033,3,21.294031035097003,166000.0
2000,218493,3452,4,21.327192807663295,1237676.9315810585
2018,70584,3174,3,15.705450132939614,1817160.333159408
2000,151245,3072,2,21.467228950679164,1098131.4285011129
2020,253815,1766,3,22.256570535366965,336200.9096644291
2020,295180,1689,2,19.131187771832423,255955.2644191406
2015,259957,4663,2,11.883239489243142,2267650.4818689027
2011,76356,4200,2,12.658200266554308,2342799.0724269766
2021,150364,834,1,13.352299641948502,166000.0
2007,8052,4323,1,9.985669831477184,2937120.58091081
2015,203910,2563,3,12.643713546289067,1074222.6468367083
2000,151692,4091,2,11.561826813313047,1543554.4254110325
2003,35461,3288,1,15.740588746746237,2038849.788470963
2009,287894,3500,3,23.4434383138285,1579391.7604380553
2010,14472,2358,3,9.776165384817288,1125156.5740592359
2016,117036,3076,3,20.244554707105724,1566643.79970208
2022,193674,4806,3,19.683811075023172,3070926.4190274053
2006,292667,1903,3,9.62782137727708,166000.0
2011,166838,2219,4,23.683730883398603,723131.0199155647
2020,71060,2278,2,17.664027436665933,1417392.3302955385
2006,276223,4714,3,14.183333859306632,2222400.8487329492
2011,144471,4542,4,20.861155919420213,2418588.1739710374
2014,283676,3756,2,12.375212792827778,1234445.077100256
2001,48162,2182,1,19.789667229787447,1044410.1064461663
2013,278497,3374,3,8.675090528728203,664076.8615966593
2012,117313,4184,4,22.269936639357624,2450166.4565804657
2003,33477,2369,1,15.618904399362414,1608149.3304779518
2013,160642,2694,4,18.82377954408501,1049831.2106404623
2013,91373,3043,2,11.761042936713622,1491677.9327338687
2015,174176,2666,2,19.510253115193613,1223291.8227236061
2006,199442,828,1,21.128084690185702,166000.0
2018,9551,1505,4,16.044624177034777,880022.0014373946
2001,73359,1820,3,18.501357709050502,378218.34300873516
2009,148988,2863,3,15.757540704980777,934072.5217536361
2017,131150,2246,1,23.199553277383373,1570153.0615738719
2016,177517,4464,1,16.463776068743428,2825912.103946996
2004,296829,3787,1,22.31074805348992,1447875.879390632
2011,112967,4402,4,21.622984990594226,2526515.7004844276
2005,99455,4485,3,14.97858196292206,2692995.6453257645
2021,263835,4168,3,11.911436361577076,2104583.893739211
2008,180405,4381,3,14.903396253516107,2226519.345048294
2019,244646,3562,1,22.045695388178743,1820242.0346307068
2000,194937,4837,3,11.86975310892967,1950768.7016254796
2021,66192,1372,2,16.91541787958174,927101.2176722353
2014,196758,4888,1,21.703644715332707,2987636.0684600966
2020,240161,1414,3,14.00911707718244,166000.0
2005,293137,4850,4,18.917563829045854,1854244.5747856742
2018,166564,1125,1,12.175736758829846,187152.8401016673
2017,157053,4540,2,9.85775057125872,2677648.424523095
2005,291287,1158,2,21.504531826578557,166000.0
2012,196349,4577,4,9.682466597948016,2275785.2020735955
2000,112044,3171,4,12.613483716352938,688551.3146137492
2022,186062,2521,1,22.536860173956484,1242677.595595674
2022,133406,2149,1,13.889977880337343,1308930.8624286952
2012,74351,4496,2,24.54177094174074,3002669.8736815485
2006,186071,4696,4,24.655483691155617,2589682.7145457324
2014,239085,2396,1,12.560692347710464,825974.7222775841
2011,238883,2427,2,8.696629778248138,539791.6029339215
2000,75309,3302,4,19.986075831491444,1692478.6254966494
2014,166805,4608,2,15.666770545021844,2756174.812641994
2003,124156,992,3,9.712798347312797,166000.0
2012,26576,3474,4,20.02788792262673,2137081.9774006624
2022,8320,4645,1,8.529973454902661,4162012.964887592
2004,146822,3377,1,22.793343738368115,1946751.39236129
2001,108002,891,3,10.357092994926163,166000.0
2022,189535,1280,4,10.164301938694326,166000.0
2000,31572,3716,2,10.986429065465938,2157774.3239812925
2015,285092,1875,1,24.32452809436513,254480.20856731958
2022,121528,3313,3,19.783879124315384,2091361.5977108844
2005,174898,1598,3,21.623316102881823,166000.0
2022,94051,4749,4,14.759794757456802,3352891.8578236722
2015,295011,1404,4,13.717316367584244,166000.0
2013,196303,3779,1,11.986228115313889,1801394.8937649284
2002,227428,1397,3,16.17101648131095,166000.0
2014,262412,2332,2,17.381088470080865,551775.9086432733
2002,208305,1313,3,18.74017234209684,166000.0
2022,280107,2677,2,12.371014567977806,936840.8714818086
2001,54434,4772,2,24.12711937535084,3211816.3818775965
2000,71617,4643,1,10.88589446952131,2499835.1881750734
2008,122569,2499,3,24.41610397102901,841235.0363947387
2008,212384,1829,2,8.252554082627565,166000.0
2022,86494,1516,4,16.179136760886376,697693.2027223996
2006,224977,4886,2,13.667253247981566,2521916.663318141
2002,82225,1465,4,15.635098036814263,166000.0
2017,87867,3008,4,17.701297842673412,1988937.1374996516
2010,173600,1879,3,15.405015686216053,549861.4761675566
2006,260669,1027,4,15.052396455127115,166000.0
2008,95748,948,2,20.456298062026214,166000.0
2000,259265,1869,4,19.6598966764699,166000.0
2013,169404,2163,3,22.165611794609415,891699.3316267142
2019,134529,2555,1,12.249302681071423,1607540.9583266564
2005,269395,1319,2,18.36198466581908,166000.0
2006,163099,4344,2,17.948311351678516,2269517.6456853943
2009,102382,3122,3,14.285542784835709,1000109.3859820957
2006,14583,1902,3,16.262978212345576,644079.2824786832
2001,55387,1397,3,13.334296436197388,166000.0
2003,290248,4073,3,10.411354759488749,1024498.9692894738
2020,17224,4849,2,11.634620581266457,3793117.4404038363
2016,232444,3405,1,9.793731988820419,1498035.419057894
2000,271285,2988,4,19.61218277823211,173383.89049765942
2009,159422,1388,4,19.232365682855576,166000.0
2018,141149,2207,1,24.160308316857837,1154827.612469292
2014,51015,4190,1,20.4045330320031,3251371.8674983396
2009,176929,4240,1,8.884779258854234,2075701.826628816
2018,237268,2429,3,23.03216795679222,788761.9628148274
2011,195912,1794,2,22.665477770077338,229420.32688942502
2023,10577,2859,2,15.536445453135878,2394253.3678144193
2015,287146,3786,2,17.959671858974666,1743592.0679547156
2008,55711,1200,3,24.59333165203282,166000.0
2014,44451,3655,2,17.049174185418828,2679286.0869733356
2016,185175,3024,3,23.390471082393525,1745662.6636521958
2013,39831,4212,2,9.41165888277317,2648563.922251997
2017,254402,856,1,11.247881768047609,166000.0
2001,236376,2675,4,15.492834038502403,166000.0
2003,249942,4568,4,17.94086574173418,1681502.4040829912
2017,100119,2153,3,21.875873481667604,1190807.5108708187
2006,248466,3210,2,24.800455957434178,767230.4713578357
2012,228936,3402,4,14.610475440059979,1059033.5093708967
2014,291542,3734,1,8.806065814381444,1751508.1277477667
2022,66554,822,1,21.619915556020523,403366.9836501697
2021,55755,3002,1,18.274472224407738,2521042.083090254
2000,158412,2009,3,11.375228600759428,166000.0
2010,68884,3096,3,16.412083762564144,1384413.549836914
2009,22482,1548,2,20.619274174073315,809284.2976955073
2004,59225,1604,1,21.097000380166946,461713.6841467577
2015,194921,933,2,16.493513003978954,166000.0
2010,79854,3237,2,13.188647012190605,1826410.3178689168
2020,46256,1233,1,24.55362389465439,1027306.9152553503
2005,245617,4471,2,19.27716438626038,2133080.6212597094
2008,113721,4536,4,14.940037828887078,2699032.450652494
2012,86110,4839,3,12.767874811479091,3150210.78339176
2023,118606,2898,2,20.42875071106056,1774887.1030650693
2007,19650,3717,1,12.11711857509405,2296081.5223764633
2013,182190,1052,3,10.9190698125527,166000.0
2023,33930,1929,3,17.007176112355197,1530845.139488463
2000,221779,4064,2,12.929785674950413,1857173.2841388853
2016,265102,1101,4,18.691387463701457,166000.0
2023,278945,2777,2,10.00495747286197,1104509.687927763
2004,56360,3563,4,19.133998777644464,1887553.9532925636
2001,152631,4805,3,12.816040975960938,2316405.343581395
2023,299478,4041,2,8.004129885386716,1706589.2898669003
2008,241545,3857,1,10.157912980460999,1582015.449385378
2003,18288,1350,2,23.8714614231966,562843.0353470683
2016,158470,2387,4,22.745028864961085,896086.7400180342
2016,212302,2622,4,11.971353544616026,856815.3666848863
2020,279335,4017,2,21.23232237727335,2295190.4150810083
2017,285195,4296,4,18.34571708395756,1871652.7006678246
2015,66715,1512,3,24.50538009464778,645965.7840901049
2007,15737,2975,2,14.351296212079005,1560199.6597013029
2010,70140,4872,4,19.58483041279191,2986807.6941419044
2020,161323,4649,2,9.080107281206615,2752666.8537816214
2020,187047,3233,2,14.7362048958789,1628791.5066828376
2017,272291,4101,1,24.38490024019907,2499241.3369997456
2022,55508,1070,2,17.16267486565205,500173.0159408355
2023,286787,2594,1,12.893951556692357,1031885.7762051676
2009,108535,3262,4,10.044606373186316,1344304.0026855143
2012,203360,4194,1,19.95998178308602,2541603.44314736
2016,63959,1879,1,18.962552738305355,1370071.4666920693
2017,203208,3678,1,14.356958131264168,2176187.92201405
2009,196812,1403,3,24.16600298171918,166000.0
2015,117255,2385,1,8.377447820793455,1095651.5007095824
2019,91322,3857,2,13.163305477741039,2427983.370034754
2004,6132,4785,1,23.658181267092885,3706953.803300027
2012,174331,2195,2,13.455902451430486,490138.6097468221
2017,232684,4488,1,12.288298175537896,2658552.4433213808
2016,264427,1399,3,17.081746968831204,166000.0
2008,113835,1313,4,22.004629748649144,166000.0
2013,147003,1866,1,9.753494934932139,691935.6454543232
2016,263228,3686,1,24.031352063977515,2036263.6360162767
2003,78169,3453,3,21.51623898007979,2023600.2137426974
2017,265529,1888,1,11.081254344376383,166000.0
2019,258608,3314,2,20.104135340368764,1382672.0197816885
2023,239385,4769,1,14.544298284838472,2956346.3021245296
2023,194973,4084,1,14.839009527297417,2695579.2962138364
2014,105417,2996,4,21.31593157146073,1624207.2267823676
2010,6044,4983,4,24.367341735672447,3495494.5820305874
2011,182763,1589,1,10.153149838402296,166000.0
2008,236807,4275,3,15.15071402693993,1940602.9802046348
2012,29363,3953,4,16.176007337433163,2883564.455329036
2014,288445,2464,1,14.397300888234959,624634.1502731189
2014,6620,2109,4,14.174215103175825,1270905.466875602
2004,100419,1664,1,8.888567348547141,252457.2888076294
2022,173606,4663,4,19.654156549564597,3085493.8459232505
2018,207701,4163,4,15.415645091040773,2381387.1090113805
2019,185324,4324,2,11.311494644946755,2658228.2421829365
2013,27259,4586,1,21.872569539135164,3423435.3941872003
2016,25655,823,1,21.643532718577674,347270.23406693625
2017,26602,3803,1,16.268657677511193,2859821.7906700936
2020,147182,1110,1,13.073661239511928,289162.9729867085
2002,6537,2031,4,18.84757633853969,632501.4456733451
2001,261210,4588,2,12.898586308215851,1828315.2541162008
2000,182274,3511,2,12.012134815503105,1226493.2601316208
2009,176236,1221,3,20.41874911844755,166000.0
2018,94743,2573,1,8.685529075256161,1726030.2974765229
2016,91155,4368,3,9.611064007588098,2797139.6439934527
2011,94846,1746,4,8.115398958401027,166000.0
2000,239507,1986,3,10.600034170082244,166000.0
2011,297706,2634,1,9.17283014807781,446323.4666475869
2016,295180,2364,2,24.928640252258617,306700.8146620961
2023,196824,2747,2,12.909769489219522,1659010.883858056
2002,88049,2108,1,10.537556215377204,545294.8166519989
2010,244647,3786,4,12.096936385930604,1436708.6645467754
2016,294962,1186,1,23.91413471618229,166000.0
2022,25104,1961,4,16.842723791414727,1241933.9051338548
2002,132904,4058,2,14.201907637233568,2027131.027304826
2007,107499,4733,4,22.84765478445673,2764302.7749870606
2019,232336,3647,1,14.714834599333551,1944523.4344242942
2003,299461,2239,1,13.695145689280828,166000.0
2020,178084,4242,1,11.523802883345505,2959096.661335499
2021,157472,855,4,14.422546006459996,166000.0
2006,208141,4124,4,13.383634052287743,1776914.240252663
2013,124415,905,4,19.514167308068398,166000.0
2013,199716,4001,2,12.922905979402362,2238406.9351865835
2003,85206,1469,3,17.812395689183546,174017.92032931861
2015,195545,1542,3,9.120166805543537,166000.0
2023,28723,1766,1,11.251915663840744,1329688.900640861
2021,202327,1107,2,14.92588961739293,166000.0
2000,5074,2938,4,23.928137316447824,1825129.229159162
2016,260245,4264,1,14.413283757166822,1949166.4683509907
2009,293642,909,2,19.28926006039718,166000.0
2021,201594,4432,1,12.336482781163769,2646402.042009771
2015,101881,2715,2,10.15957079154494,1414986.271353891
2015,50929,1356,2,8.995122201360852,441295.578775532
2007,128199,904,3,13.192029475226773,166000.0
2006,236525,2847,1,10.680237455547434,685485.9803393343
2005,293172,945,4,10.958177616274112,166000.0
2015,34545,3563,3,20.93290824257815,2668258.4792240397
2019,84569,1673,3,8.269247206062861,379070.3307616757
2015,36673,1098,4,17.482772137502387,391961.97661204444
2006,28525,4038,2,14.450843470088902,2464340.300082737
2008,62804,1445,4,16.611349998445302,166000.0
2013,151115,3878,1,17.56811403264825,2335839.082461344
2010,46846,3311,4,13.32725080577373,1561997.5829825685
2013,82261,1583,2,13.01685062313285,531179.0647494647
2006,238312,1170,4,20.467831438693395,166000.0
2000,189100,1286,2,22.81170879805967,166000.0
2012,296627,2837,2,11.273887751794973,451911.1692971544
2019,12265,3996,1,9.659518929097532,3019263.257396154
2002,289907,2160,4,23.26252870866444,166000.0
2019,211724,3061,4,13.948222882005776,1184273.9092754847
2003,20733,3421,1,17.37239564126784,2036147.7937001078
2010,96038,1756,2,14.112233456840059,253389.51217689915
2001,145319,1180,4,10.138639717882873,166000.0
2013,26058,4449,1,18.018637964111377,3595614.381925677
2011,251301,1038,2,16.927394480083706,166000.0
2016,167434,1905,1,11.450890506250353,635017.5947503847
2011,91489,2186,4,15.681773759088724,912859.9817732057
2011,89664,3352,1,21.54810756826598,1808169.1239305723
2000,183428,3049,3,18.03724375283415,1031815.9444637743
2012,82597,2327,2,9.647594560138913,1172136.4514825074
2013,273185,2467,3,17.316365452895297,374010.96465615724
2023,83209,4932,3,19.946551087922977,3952727.410907497
2001,263109,3491,2,21.475957898272775,957885.5223882012
2011,197941,4472,2,18.694998836782535,2377609.6503101736
2020,157131,2796,1,10.595188797193323,1632872.0816543726
2015,104864,2225,2,20.072945532032733,987258.4488599105
2003,153620,3612,3,19.514811383385776,1691972.5798545955
2007,171562,4047,3,8.415257009990764,1615426.6575859908
2001,212158,3392,4,14.999710349034133,681590.3966833175
2009,120158,2290,2,13.660154198360345,647794.354816998
2008,6468,2024,3,19.38000509231194,1146362.8907600543
2022,291453,3387,4,11.674308809285652,1236588.86622187
2014,77255,3864,4,18.044822690562395,2173788.506458386
2012,263078,1632,1,23.52450135084093,166000.0
2022,33718,3240,3,21.562640327546333,2528391.095904308
2016,230409,2446,1,23.664781515681014,814276.5908720169
2015,244967,1240,3,24.63460143785573,166000.0
2001,173913,2329,1,8.181392159104767,618617.35130167
2019,219637,3765,1,18.58660169841712,2047140.181160619
2019,252113,3167,2,15.01826976190141,1363019.294831244
2013,267911,4086,1,22.61752633569707,2013038.9450398895
2002,63026,2104,2,12.280849934155238,498178.9788170837
2022,47968,3834,4,24.677501314956295,3039442.8806631453
2011,176169,4488,3,18.433035482243703,2627318.7687836057
2007,150693,4773,4,21.490135837890126,2563161.8692747317
2001,81870,1985,3,9.455192397987062,166000.0
2003,23174,4062,4,11.118784040900707,2426416.7929018694
2013,45502,2907,3,20.892862441581457,1807971.595391603
2015,42260,2640,1,8.373770874668502,1944059.0177857871
2018,203681,3547,3,21.88692576019431,1549789.5586234084
2001,185536,3933,3,8.237133317762495,1418588.9478078883
2011,76805,4220,4,19.171020264041644,2907586.837806542
2013,200991,2265,4,14.2065966439407,393025.00780668133
2005,264636,4909,4,18.395412496226385,2082162.539163808
2012,190541,3011,2,19.83253391881493,1381159.853856324
2003,22194,3604,2,13.82207872616717,1956901.300919472
2021,162883,2343,3,9.835361617884205,965188.612136124
2017,135864,2489,3,9.183979751720516,1017411.1582427877
2011,48723,2371,1,18.011912383563313,1296575.453652373
2019,236408,4079,1,16.851141013479896,2556195.928157059
2021,247113,4341,3,20.61741715505925,2581299.1281351917
2020,81298,3823,2,16.665503670066933,2780454.9474522592
2018,64238,1618,3,15.181578430524945,923089.2890904736
2007,264425,1924,1,14.767482030015923,166000.0
2006,110433,1929,2,8.449597344160347,200018.53206648017
2015,112092,2502,2,13.704472428843172,1157936.8077527802
2018,269291,2801,1,24.592342677916402,1242301.2232767772
2005,234991,4678,3,22.85044479586051,2032015.5900213823
2019,189875,2606,4,13.5994271395817,936705.9117636681
2020,197180,3747,3,17.992521886128326,2048213.5007590721
2010,111170,4009,3,22.404044674103396,2719197.9757417324
2004,218482,2952,1,15.501663724751168,385834.03780183935
2015,122116,1344,2,8.305283683752567,166000.0
2006,144805,3201,1,9.266677850916881,1624681.271932472
2004,276623,3164,3,16.676676262928012,654693.5570105923
2010,80361,2089,4,24.480469386489933,977314.9424036343
2014,157376,4565,4,19.784562217720755,2692334.501120726
2002,129232,2675,4,9.205575254455681,439472.4079420287
2004,86171,1582,1,11.219134888461667,166000.0
2022,91296,1339,2,21.11249343468645,826564.6350638212
2020,145562,3582,1,22.304475919256163,2319981.3038956556
2004,157324,3468,4,18.500807965206043,1196303.1347989799
2008,142934,4737,3,18.955193883706883,2615858.2339770016
2014,246535,3756,2,8.481736656517539,1902303.571997691
2002,263970,4522,1,22.085014412885645,2386098.771268061
2005,176999,4667,1,21.400678538904103,2617371.9313755226
2016,236449,2633,2,12.403597449756901,793375.0084966177
2020,36826,2946,2,20.04750423941362,2056221.0850773652
2007,193337,2970,3,11.652528309224968,937961.0867497819
2020,77361,4191,2,8.68561273787572,3224125.3510595504
2010,245028,2416,3,11.419321224036413,265416.0280728283
2005,222256,1716,4,11.036690904823091,166000.0
2007,45736,3556,4,13.741715944492402,2022016.330199951
2009,291674,2736,1,15.113641451982787,727895.7002036225
2023,214124,4842,4,16.645161155461032,2728304.6988766026
2002,183130,3891,4,16.104815883641578,1479676.8181565
2022,111080,1768,3,12.60146830140992,917045.8924819971
2013,140958,4164,1,8.495901365759266,2419040.4505381198
2022,229793,4003,2,18.28672757803156,2250640.7552271555
2013,123623,1689,1,14.727662107405024,720959.3200944737
2009,157647,1592,4,13.077426675588345,166000.0
2011,117260,4258,2,22.73799772811871,2431420.859278582
2005,171862,1781,1,20.694636232568715,166000.0
2011,298132,4331,1,22.582014322331517,2277644.658070589
2022,223976,4329,1,16.41470751011184,2830919.964762062
2013,146041,1601,1,10.225831286155216,326112.2581736187
2001,279548,842,3,19.83576441406163,166000.0
2008,246356,4149,1,11.503254258931978,1735932.8839405517
2009,175534,2577,4,15.500904374559186,493186.6289763749
2016,286504,4001,4,9.105013412131104,1505859.9856444353
2016,201544,1149,3,22.0302428411907,166000.0
2002,251512,2367,2,10.140990897807509,166000.0
2018,245037,1929,2,23.352657619838265,463704.9387750336
2000,39160,3759,4,22.69192023844647,2065881.9637918212
2011,273933,4587,4,15.897906995467183,2014665.5132047767
2006,163253,2580,3,20.65425947316784,901217.9941579287
2003,150457,1383,2,18.530566254908607,166000.0
2009,70641,4177,2,21.652285919741665,2878834.0318425125
2012,91673,4201,1,15.340686713360505,2816647.084106625
2001,236322,3985,1,21.358744232153953,1604338.0589977659
2009,272688,2994,1,15.861765890107515,706859.3043791337
2020,251855,1962,3,23.996418393327495,647933.0078582029
2021,241361,1098,4,16.268325714027508,166000.0
2003,68248,4147,3,15.864527622873403,2316921.5611216677
2017,207821,2739,2,21.346221646579714,1585525.1479719596
2004,260949,1588,4,21.966820759934244,166000.0
2018,282749,3689,1,17.426314943459904,1612647.3561880304
2001,55713,2177,3,11.056562829416283,656203.4432545218
2011,8981,2749,3,15.951889926278852,1723072.3976616687
2016,100335,4072,1,24.457232549464532,3130947.6516320314
2009,112441,1677,3,20.800765281666145,355004.2613150193
2001,21984,4542,1,21.789764265945248,2817252.566674988
2005,130580,2377,2,8.558033479927083,541609.8775607526
2007,137596,3939,4,15.953610864780718,1629751.0011820202
2018,123454,3292,2,18.99255927217844,1891456.3321840544
2010,54402,3555,2,22.11055562167727,2464842.6269742325
2011,96656,2703,1,8.837652110907115,1469955.3358430134
2008,70614,2182,3,22.49146105591184,997128.8648059452
2001,171963,3122,2,17.3228159246125,717473.4258691295
2007,263789,3356,2,11.354337499793019,906742.6589614245
2010,136049,2661,2,13.3933386796449,874506.090564537
2020,274754,2666,3,12.792802379776532,1023715.9396330594
2003,114381,4847,3,17.02460358290409,2572039.3953048163
2009,20791,3975,1,8.87865655848924,2433118.928881184
2020,63047,1898,2,10.6951146944987,1122680.017338835
2019,239898,2534,4,21.8157817373883,782519.6370061
2015,155737,4216,3,10.25426784269579,2605493.7852825657
2007,75246,1480,1,11.96773658078816,166000.0
2003,201936,2870,2,15.707300295270674,493534.8938702041
2009,239955,2529,4,16.791055097926616,166000.0
2011,50890,2991,3,20.981378153440694,1784516.8179464885
2013,37888,1467,4,15.604651253325192,396131.6119047825
2015,142821,2412,3,21.42769855760416,863754.4813752824
2021,51531,1480,1,18.511887219772778,1270255.2704166884
2017,287752,1772,4,9.922695570204981,166000.0
2020,61017,3646,2,10.657634452678256,2571692.0140108787
2021,62676,2932,2,15.429573332646104,2324063.673854289
2020,16560,3263,3,14.747119682513674,2537849.168273897
2011,55468,3329,2,20.640252583834005,1991911.9132395845
2017,168535,3303,4,17.87253137655498,1502243.2236283456
2006,99346,3983,1,14.598262377038239,2400220.191838176
2019,145790,4833,3,10.902924818656555,3155146.966763279
2023,198709,3967,4,11.856230739533418,2277959.209759385
2022,267172,3797,3,17.783517313974002,1823933.95213573
2006,52599,4027,1,15.198459683296472,2605837.8768656766
2008,153469,2952,3,16.753767650631424,1011463.3784002459
2000,245270,2528,2,10.901516400137972,166000.0
2005,50406,2824,2,19.26940628985762,1698799.9727118749
2005,72560,1129,3,22.49315859455144,166000.0
2021,109143,3286,1,12.38497161537731,1969910.8621411682
2011,149575,1955,1,16.355741839141054,434696.2306793032
2021,59943,2690,2,24.58396459335533,2225083.967479844
2011,80839,2985,1,13.66510958936237,1747194.33798853
2009,87674,3117,3,18.11578786370394,1589591.3336751522
2022,30345,4421,4,9.533326903404154,3160741.904914789
2005,254495,3311,3,18.302255042150534,997362.9283535285
2016,55390,1249,2,9.523740146178504,284444.18116218614
2018,231113,2154,2,24.307002400504974,826437.7742430533
2017,6906,2093,2,20.16626508522929,1423901.8419918555
2005,12961,3265,1,21.39871639830701,1949369.0842562374
2023,162212,3902,3,19.969774133117827,2459155.536428804
2018,194773,2649,4,18.02539361329992,1004765.947864441
2009,86199,3975,3,15.64851727845359,2280183.784057335
2023,265928,3999,4,22.59234745593806,2214687.4297570167
2007,104764,2033,3,24.26620634823207,166000.0
2020,127357,2237,2,16.48361493936938,1094236.4654075687
2023,99968,4152,4,23.836095835639455,2946971.374630512
2005,165576,4830,3,17.9166594698048,2790016.445607742
2020,45297,1052,1,17.152531177239364,500129.03455073945
2006,91394,818,1,15.726206460241063,166000.0
2023,21939,3559,3,11.557891946012038,2970959.187719949
2000,204294,1022,2,8.063234233907007,166000.0
2017,67119,802,4,12.10560585655304,166000.0
2023,171393,2059,3,16.665293917260605,809155.8045933958
2019,149258,3368,1,14.459319188415794,2000274.7973076892
2011,223827,2685,4,15.624248876044774,512714.0829060932
2015,272201,2099,1,24.671019732588842,402586.46436393756
2009,154805,3138,1,13.954630301378568,1898583.529555362
2009,286301,1876,3,15.687109969121835,166000.0
