Year,Mileage_km,Engine_Size_cc,Num_Owners,Fuel_Efficiency_kmpl,Price_INR
2014,127989,3062,3,16.24934527,1636551.373
2017,281393,4029,2,17.23789949,2206040.306
2001,249255,2916,3,13.18093552,261566.2159
2009,115361,1192,4,11.09074392,166000
2022,291744,1908,4,9.460476599,166000
2012,286366,1410,4,20.1400254,166000
2017,46139,3575,3,11.33598279,2317649.003
2014,119919,4798,4,19.73128102,2897154.035
2011,252677,1472,4,14.63639958,166000
2014,230756,4477,2,15.06817162,2320564.726
2012,144718,830,3,15.97601743,166000
2017,149615,2200,2,14.25104464,725845.9996
2014,230568,4871,4,9.710539613,2392846.613
2022,158857,1416,4,13.26374077,272817.2316
2010,28777,3586,4,19.28348413,2040120.775
2018,62939,1670,3,19.31833482,1204333.932
2002,28548,4996,1,12.86581322,3062598.05
2006,130549,4404,4,15.82174465,2144556.084
2020,142799,2212,4,11.28860288,728835.8381
2013,246532,3539,4,11.57632539,1574976.896
2013,186789,1740,4,8.391800503,166000
2021,152764,1140,3,23.24469135,166000
2012,36625,3708,1,11.58201331,2679042.11
2011,292062,4933,1,11.86807591,2448658.743
2023,119881,1459,1,12.75322435,801871.4422
2008,282721,2833,4,10.16593722,252169.1912
2000,116776,2360,4,18.86746901,293476.5318
2018,238996,4257,1,9.277430204,2378051.114
2010,262831,2456,1,10.28144125,322418.7945
2022,217803,3775,4,18.96086435,2389199.333
2021,163761,1849,4,13.77423055,375011.7536
2022,147226,1253,2,20.03511305,726087.001
2023,26341,2504,2,17.47622066,1991631.184
2021,210753,3584,2,12.35235994,2022792.457
2018,254141,1618,1,19.06407516,369522.6869
2017,204488,812,3,9.976652565,166000
2011,261139,4779,4,17.11897651,2397483.392
2022,83840,1720,2,15.43151779,595874.9153
2000,170767,3218,3,12.55385091,764632.6126
2018,166297,2114,4,18.26808496,591843.2343
2019,54156,4477,3,22.81267107,3163770.942
2016,213281,2817,1,24.9813799,1375502.253
2004,92453,2028,1,18.33196707,713405.1981
2002,163901,3234,1,14.87999986,1330180.407
2001,30938,3668,2,11.8285207,1990386.285
2002,64164,3315,4,12.37063352,1293516.801
2007,204271,2238,1,16.15073463,509174.2735
2015,65282,4964,2,14.24372092,3525276.893
2005,270470,4343,2,23.53484688,2032303.282
2012,163666,3975,2,14.26102295,2280240.574
2022,120819,2581,2,14.34855805,1593576.298
2021,271907,3063,1,14.52008671,1256965.39
2021,146900,2769,2,22.22254358,1617139.497
2015,278365,1011,1,19.06340145,166000
2015,18569,1307,1,18.44087046,763532.8881
2002,232966,1131,2,13.68043138,166000
2012,42860,1350,1,21.90437101,802462.5075
2013,207630,1741,4,8.652185643,166000
2007,149587,1527,4,22.80355193,166000
2011,76695,3662,3,16.7167483,2192462.618
2022,258078,4043,4,14.77025399,1987712.234
2022,247599,1448,1,16.45184377,166000
2021,160976,3537,1,19.34606402,2048401.572
2020,196007,3547,4,8.217012251,1612088.56
2007,10636,1809,2,22.81638156,1001624.679
2020,266578,2350,2,15.59457193,612887.8953
2008,288816,1603,1,13.83043083,166000
2000,272956,4880,2,10.35017462,1963373.092
2005,232693,4201,3,15.47091136,1785405.635
2022,5654,3961,3,16.43748711,2984325.733
2018,59633,4955,4,14.86199381,3654894
2022,22143,1327,4,19.5372216,1064474.543
2010,60934,4098,2,15.15524099,2423985.824
2010,108463,1823,1,24.34409882,624823.6701
2022,130851,4534,4,18.1877178,3263325.519
2012,34087,1232,3,21.72712491,428891.5389
2010,147690,1976,4,9.859050353,166000
2017,275590,1200,4,14.75395198,166000
2022,163272,2904,3,13.72641092,1545704.264
2014,231179,3850,1,17.6812006,1797050
2000,197537,3033,4,22.63892984,635289.3394
2020,222508,3245,4,9.331749702,1390726.617
2006,123422,3635,4,9.233771567,1780363.572
2022,224631,3313,2,22.45540104,1851615.657
2012,44148,2573,4,11.61845146,1451784.033
2011,156770,1896,3,19.36880533,651780.8553
2017,192535,1728,1,17.22892825,744315.3641
2023,83012,2751,1,22.15919111,2187942.035
2018,61116,2773,3,10.12651147,1350652.692
2014,149233,2354,2,10.20631042,957924.7306
2007,37152,3578,3,17.46591212,2283527.723
2018,111379,1794,1,24.08843711,1039708.066
2009,231905,1412,3,15.05496189,166000
2006,25836,3393,2,13.5580157,2122266.032
2017,226439,1395,1,18.31371849,201469.2576
2015,191720,1641,2,23.81762621,561103.7931
2019,162403,1658,3,22.22777316,628487.9797
2005,146835,1244,4,24.92322138,166000
2008,98109,2588,3,8.383665914,842699.4382
2020,155259,4254,2,9.91858846,2876373.611
2012,148029,4752,3,18.36095198,2712071.29
2020,87018,1830,4,21.94979947,945545.5353
2007,128076,2095,2,12.84915382,334187.7253
2015,163177,2863,3,12.0665885,1531541.97
2012,184425,2247,2,21.37858859,1028158.569
2012,220657,2845,2,8.958491516,742112.1726
2016,7637,3650,1,14.27950501,2802797.701
2022,242989,4624,1,16.59875678,2784593.001
2019,237259,2868,2,17.52592746,1373826.356
2004,87464,4561,3,20.38645767,2725176.988
2021,295886,3075,3,14.0323773,1277003.688
2020,16831,2608,3,18.41563386,1999089.334
2016,118768,2111,4,17.95138219,1339013.175
2008,251983,4855,2,17.30947371,2229122.469
2001,109824,3251,2,18.88821598,1110144.628
2017,93741,1889,4,12.41063591,655608.4328
2008,23830,2472,2,9.439028811,977767.3262
2005,74202,4475,2,10.02761842,2329021.429
2010,222394,2803,4,11.81790051,479013.8158
2005,207123,4998,1,16.5033649,2496652.049
2005,162699,1924,2,22.28752676,166000
2012,282342,2021,4,19.92198682,166000
2010,111471,3660,3,21.41369027,1975135.224
2013,296619,3073,1,13.96658561,940667.0516
2001,241824,3790,3,14.87911361,1292566.326
2007,24403,3310,2,14.69259206,1849715.039
2002,8681,1036,1,11.26184413,166000
2022,120260,1944,4,9.040683188,868732.4986
2020,178364,4053,2,18.04557358,2227535.666
2002,110386,4582,4,24.81668362,2074520.734
2000,238378,1566,1,10.83610498,166000
2023,98246,3481,3,8.793641938,2377157.927
2018,100864,3465,2,21.25203859,2696308.783
2017,213886,2559,2,12.29396211,968666.6205
2016,275561,4291,4,22.10394469,2215454.125
2019,170837,3615,1,19.96692334,2258478.919
2023,250160,4313,4,24.07645013,2575634.791
2012,192646,1295,1,14.95176301,177833.0017
2002,264278,3980,2,19.25348727,1053171.381
2000,294819,4730,1,15.90253127,1914543.468
2003,261681,2872,2,18.72000785,884043.3776
2012,176635,1137,1,15.6431814,166000
2016,16332,4749,3,11.20674819,3711419.332
2010,259817,3908,1,16.63425607,1631578.884
2001,286321,2617,3,16.98593142,166000
2015,225326,936,1,21.78026542,166000
2001,204519,3355,1,20.503852,829139.974
2018,266849,1715,4,19.28445761,166000
2022,85730,4338,4,9.927580624,2770977.075
2018,242474,2900,2,20.25047694,1416853.786
2015,295477,3707,4,16.50518766,1522343.981
2021,288817,3714,1,23.19969211,2073934.389
2018,45870,2782,4,23.63780588,2025388.158
2008,258017,4670,1,8.93766204,2137945.837
2000,132536,4367,3,21.95090653,2351991.305
2009,289965,1798,1,8.640855637,166000
2018,30494,2947,2,14.24188364,2108980.6
2000,104477,1195,3,17.21909959,166000
2001,210232,4398,2,10.51771358,1904090.025
2015,285790,1738,2,20.68733481,166000
2011,128777,2436,2,8.142029971,1037700.756
2007,82360,3524,4,10.86618382,1496567.894
2022,138501,3310,2,17.87354611,1996301.617
2017,65654,2449,3,20.14458855,1627718.911
2001,124975,4490,1,23.58293275,2505832.094
2012,204215,4235,2,19.99344308,2218602.93
2005,107326,4001,3,19.42024759,2266552.794
2020,82527,4979,2,14.70379949,3559860.627
2005,171991,3091,1,8.021835234,1038696.407
2008,101952,1013,3,10.0427074,166000
2015,151895,4037,3,17.08742726,2595494.672
2010,51015,4662,1,19.47720806,3536587.507
2006,107877,858,3,15.09662083,166000
2009,282483,3730,1,20.4215432,1719889.849
2009,139563,3771,3,16.87165902,1760286.92
2019,102493,2327,3,9.260995325,1011250.695
2017,151800,922,1,11.26427627,166000
2023,196480,4519,1,22.2799698,3416921.62
2019,126648,2236,3,20.32351669,1026240.522
2008,292307,1962,3,23.21095378,166000
2014,153790,4100,1,9.998473235,2240132.315
2003,92508,4145,4,24.83378309,2339080.03
2007,219839,3286,1,11.55991414,1114587.537
2008,279270,1361,3,8.200257897,166000
2012,69926,4781,3,24.95618996,3377125.839
2008,45633,2537,3,12.77825605,935952.9164
2003,213726,1704,1,19.35633069,166000
2016,8317,4354,3,11.00359934,2789720.606
2015,197718,2526,4,17.86388505,589213.7452
2014,192035,3723,2,23.36859477,2088199.265
2002,185388,4331,4,13.44307985,1435911.943
2019,282648,4706,1,19.39431759,2477066.282
2004,204665,1734,3,11.19436101,166000
2022,217369,874,1,18.62152178,166000
2004,60501,1094,2,13.71965598,177865.2209
2019,189381,820,1,11.5905404,166000
2014,32043,4042,3,13.32409486,2593486.396
2017,38635,1838,2,11.04029816,1142958.544
2014,215387,1909,2,23.33257383,579815.5801
2001,85691,4571,3,14.75217707,2339016.999
2012,282510,1171,3,12.16974818,166000
2003,98944,1974,3,15.6229333,323101.5501
2009,208179,1964,1,13.44911484,213740.0743
2012,44236,1892,4,20.65512731,785818.8069
2009,271294,2083,1,24.5107385,336322.7592
2008,286567,2811,1,15.44657216,487168.9332
2007,9137,1645,4,22.6375678,432983.4826
2002,34992,2791,3,17.61967225,1278407.532
2015,120140,1320,3,10.67300631,174261.9401
2013,180993,4996,4,19.74058662,2697929.727
2008,126225,1042,4,16.72838645,166000
2020,215047,3600,1,19.0603109,1827556.242
2010,24122,3696,2,23.12468601,2466976.654
2002,291100,3402,4,15.4873877,543356.2188
2004,68879,3073,1,23.32001959,1591741.339
2009,63560,2341,2,20.76137324,1100094.757
2012,204757,3565,3,16.30628374,1901991.124
2003,242268,2914,3,18.25477631,412990.3279
2023,268312,3883,1,13.53487925,2573317.002
2012,171969,2657,1,24.7211541,1352072.853
2011,151104,1569,4,19.34496977,166000
2004,270660,2222,3,8.745396492,166000
2009,155823,1206,1,13.5525724,252255.2582
2023,35373,3772,3,18.59634537,2795724.945
2008,127026,2672,3,8.957665723,698809.9765
2019,35270,3494,4,8.406031252,2186881.83
2006,237931,3069,2,15.65041207,870488.9528
2001,200889,1981,4,13.65573305,166000
2021,70184,2239,1,15.45107634,1578302.581
2023,215765,3853,4,12.46578627,2375626.126
2022,42879,4133,4,10.8002017,3000359.125
2006,8626,3697,3,19.71543707,2273902.569
2007,90936,3703,4,16.74770898,1792502.935
2006,239873,1028,1,11.40262159,166000
2020,86515,4759,2,13.43302025,3303332.646
2022,213137,2693,4,18.06073443,1500481.364
2013,60390,2113,4,9.227898921,1147292.34
2018,228032,1870,2,10.50670116,366299.0718
2004,59144,1774,1,9.24517527,424030.8049
2022,149454,2538,1,21.80939466,1811931.379
2017,9025,4085,4,20.79095696,3215962.687
2019,259043,1557,3,20.80631984,166000
2011,123910,3895,4,20.17753084,2053162.36
2022,101055,1120,2,19.3795522,321912.6424
2016,210782,3121,2,16.10886256,1511496.598
2012,288539,1355,2,18.91872878,166000
2001,277869,2186,4,8.652146431,166000
2012,38461,3847,4,18.56489519,2394511.092
2006,263072,3227,1,21.22392099,843834.1382
2009,46115,2804,3,16.50609213,1347743.111
2022,115084,2730,4,14.07772658,1656960.493
2005,164762,2963,1,12.71625449,951859.5015
2002,268551,4667,4,18.92763485,1736884.98
2002,78568,3226,1,19.77762038,1372197.551
2017,63560,4593,1,22.8064492,3543043.431
2010,153866,3313,3,13.8196794,1461803.407
2021,155953,4603,4,21.08612923,2904307.56
2019,222364,3127,1,17.54304901,1600437.64
2004,241770,1417,2,23.00822034,166000
2018,231024,2965,2,16.97280584,1192180.864
2021,185775,4108,2,16.79970708,2340489.305
2018,96288,1792,3,17.82391038,1143867.068
2014,254836,2177,1,20.73836104,448974.1242
2015,19390,3974,3,24.39973814,2942924.976
2023,223547,2105,4,9.250577022,725788.9246
2008,32307,3878,4,8.908388241,2780868.356
2003,232436,3486,1,23.93835574,1123562.555
2014,230121,3783,2,17.00788563,1919390.069
2011,256063,3323,1,18.45335125,1220300.501
2022,29502,4382,1,16.20120123,3486627.45
2002,27486,2285,1,9.592176694,784658.0376
2022,174330,2900,3,21.05751943,1472726.598
2013,193788,4515,4,20.70281897,2450042.229
2016,233300,2801,1,13.29895647,876130.2313
2018,108920,2187,1,13.20606717,1366082.771
2005,217566,3983,1,22.24330348,1868360.425
2003,67785,1830,3,9.230073382,298935.6736
2006,81050,2565,3,22.97878752,1059153.063
2018,27738,2020,3,12.36324873,1166261.376
2016,79231,4606,1,18.08074071,3385547.254
2015,78606,3214,2,23.91190104,1964110.252
2014,232369,2418,2,19.52808253,684848.4078
2021,282267,2063,2,15.04530681,315938.1998
2007,161688,1671,4,19.72208155,166000
2018,278326,1634,1,13.84765382,166000
2007,167403,3622,2,12.71339308,1831908.089
2017,182170,1718,2,24.94361572,472033.088
2015,31128,2524,2,20.76343393,1922532.228
2019,36556,3213,1,18.96023962,2675242.103
2018,263470,2113,2,14.03992393,223476.286
2009,157948,2905,2,8.835734096,891662.7209
2016,145021,3368,1,8.527966893,2303710.592
2012,56962,1938,4,17.42108134,1080491.357
2012,95054,1009,3,20.95455626,166000
2006,207278,1864,2,17.13544624,166000
2009,29099,3020,3,22.29334622,1738188.194
2001,240943,1033,4,8.568251063,166000
2003,188683,1592,4,14.2347853,166000
2005,174957,3910,2,12.03019665,1385558.99
2023,201292,2966,1,15.60364046,1500060.371
2017,12837,1134,4,9.230398684,380672.4643
2022,185427,2159,3,24.22023791,863246.7382
2005,183371,2014,3,11.79534182,166000
2022,253003,1083,3,23.67923218,166000
2016,107413,1012,3,15.24018364,166000
2013,56012,2458,4,24.75391027,1530230.551
2023,135193,4878,2,17.41899252,3568926.097
2010,223168,2217,2,23.82415869,519339.5403
2018,153178,3186,3,8.090932808,1749408.804
2001,63123,2594,2,20.72005971,1152793.568
2002,116825,904,3,23.3518611,166000
2010,13720,4693,3,10.37524964,3062644.506
2005,173733,4645,1,9.634139479,2309965.359
2013,251103,4490,4,15.21773432,1891252.802
2018,229970,4092,4,23.8725414,2144557.888
2015,229866,1178,3,17.22057152,166000
2020,155862,4093,4,16.96675988,2708308.818
2021,63655,4129,2,10.39914401,3162938.198
2023,195715,4238,3,8.013421689,2208509.7
2006,98448,1024,1,21.77238154,166000
2007,183446,1537,2,9.488767571,166000
2018,178979,1035,1,18.77544692,203547.0447
2019,186143,1511,1,23.54847973,479489.0821
2015,125507,2688,4,11.54708252,1271488.05
2021,65186,2059,4,19.30963822,1039801.669
2006,127066,1548,3,9.337875804,166000
2008,186323,4786,4,18.26383745,2221633.444
2012,201243,4351,1,10.78683926,2221769.566
2000,41160,1309,1,20.51121053,166000
2007,24156,2623,2,13.12093201,1090438.786
2023,81208,3741,1,15.87764715,2881277.319
2021,154001,2934,3,18.19031921,1982885.943
2003,236226,2577,3,10.91164798,620411.7234
2002,246766,2022,4,20.60784292,166000
2002,200413,4467,4,13.14488579,1992970.246
2021,217909,2577,4,19.26032162,1094836.699
2012,70439,2104,3,10.69081186,925780.2372
2007,143266,1501,1,19.69800021,166000
2006,207459,3789,4,10.17919724,1364772.594
2000,126361,951,2,15.23106044,166000
2015,217986,2125,4,12.20250325,218645.339
2005,202286,2101,3,20.72237924,166000
2006,34777,4522,4,12.45459508,2685482.329
2011,261427,2511,1,22.98919421,854011.5245
2022,162255,1606,4,23.16094359,410632.0732
2008,203110,3522,3,11.33950236,1305533.233
2010,186649,2125,3,18.43538107,741076.8835
2009,283011,4933,2,9.491199909,2440682.254
2020,67501,1959,3,14.65613069,1356596.342
2000,150338,3669,2,20.1264694,1556022.378
2017,171280,2042,1,19.2101952,941222.8358
2003,126544,1147,3,18.61991138,166000
2004,143439,2631,4,12.80319468,856493.5996
2008,260230,2369,1,14.42642414,166000
2016,40362,4735,4,9.75008446,3000535.845
2002,255449,2718,4,20.22338795,462402.6108
2015,174357,4032,4,16.56610955,2105012.235
2004,131683,4558,1,20.04901575,2503463.56
2015,261157,3155,1,12.23203992,1031709.589
2002,210827,2197,3,13.51544989,166000
2019,207918,3580,4,13.68166073,1521862.567
2014,220757,2624,2,8.437620966,1126464.607
2002,112669,3291,3,13.79781384,1285772.975
2019,213030,4860,1,21.65617775,3167598.261
2013,163998,1204,2,23.25407443,166000
2015,108215,2521,1,16.80971137,1584128.257
2016,103707,3625,2,15.74352882,2457225.962
2023,97837,4645,3,8.524018518,3437046.4
2019,250847,3992,2,22.94647374,2133536.053
2022,232544,864,3,8.221173628,166000
2017,272614,2099,1,24.06075136,722889.6274
2017,232467,2215,2,16.31667623,559022.1911
2021,151025,4393,4,13.81288639,2749882.463
2013,240652,1768,4,23.71171339,166000
2017,96493,1168,1,8.414646883,424017.9119
2014,273667,1032,2,17.88422321,166000
2014,222995,3042,4,17.33185292,1217287.286
2005,193262,3883,3,11.72844682,1497746.724
2014,298313,1720,2,15.29108633,166000
2017,50641,1488,2,19.0884881,972719.4134
2003,159062,2269,4,20.36123035,583073.0239
2022,34661,4422,3,8.012186598,3510592.453
2007,149491,2900,3,23.92650831,1411323.284
2014,281601,3065,3,10.79693133,1088684.183
2002,108619,4589,2,11.97086738,2484686.46
2014,38085,1623,1,12.47904858,862032.1808
2012,102064,4231,2,8.642942321,2671024.878
2008,186726,4951,2,10.0918861,2751967.847
2001,110723,1597,4,24.76794869,166000
2023,138114,1579,1,13.35868454,860351.7492
2007,38477,3650,3,9.960118536,2033332.404
2019,119161,3692,4,9.81885144,2010081.921
2016,164788,2693,2,20.23081945,1561867.886
2012,144133,4106,1,22.52766729,2570450.401
2000,144681,3702,3,12.36818909,1731131.36
2001,246422,4518,3,8.35546171,1351157.648
2014,275001,821,2,11.79253031,166000
2011,147692,2300,3,8.960766744,620244.9748
2013,13177,1642,3,9.757713923,911958.7633
2001,256842,2560,1,15.33563804,300789.2073
2017,94941,4441,4,11.9086123,2877246.291
2021,263121,991,1,16.77107993,166000
2006,16826,1195,4,12.30939381,166000
2022,149962,1673,4,23.98913412,761503.1
2005,131044,3421,4,23.40104745,1295613.193
2013,194103,889,3,17.63570379,166000
2007,10495,3079,1,14.02520786,1997986.477
2021,33481,1256,3,14.47949699,565827.6709
2001,147339,3080,2,15.00148881,1298456.954
2016,241774,1804,1,20.36884848,578754.2178
2004,142815,1144,4,15.67786292,166000
2013,108475,3511,3,22.56440909,1936754.315
2023,184845,3262,3,24.04961136,1628137.776
2019,54476,1916,1,13.71108461,1129898.438
2020,228177,1425,1,17.53180618,363563.9198
2020,295696,2779,4,9.615961126,630849.9943
2021,201314,4794,4,11.40797381,2911431.608
2002,165020,2478,2,15.02891803,248179.5425
2004,212383,1022,4,11.50544617,166000
2015,74093,1543,3,22.90152834,597221.2887
2017,74123,1262,2,10.69086635,421338.0987
2016,21535,2368,2,15.74623397,1582540.067
2010,51562,4147,2,18.29688709,2532178.971
2016,261323,2536,1,19.76168644,700521.5458
2015,263916,4839,4,14.51217929,2575674.658
2022,194607,4751,2,22.77468417,3289503.405
2001,235063,1464,1,17.66142557,166000
2003,46269,2156,1,15.47163227,912186.0127
2020,85674,1814,2,9.143090779,952084.6523
2006,290291,2932,2,15.89972096,251769.9553
2001,82095,3468,3,21.95250929,1612276.533
2005,249172,1854,2,18.44719731,166000
2016,205003,2564,3,22.14676171,1346709.589
2006,95925,3669,2,16.3981984,2078926.144
2004,71381,2212,2,10.01384899,923444.8993
2004,104468,1467,4,8.231877379,166000
2019,247330,4170,2,13.15473229,2119972.72
2015,18731,2194,2,19.86583802,1511501.881
2018,56024,898,3,21.43441837,368364.8702
2008,121712,4870,3,13.02779819,2642856.825
2004,106121,1221,4,16.42611666,166000
2007,270976,4450,2,15.15902138,1873432.034
2008,37332,4957,2,14.97888733,3603064.622
2004,17467,1932,3,11.93292812,263255.6297
2009,46025,2502,1,10.31830879,1510106.034
2001,149179,4420,1,11.34370549,2003304.652
2008,82994,3990,1,8.940650582,2099424.555
2010,99202,1397,3,11.36822261,260904.5889
2003,48481,1191,3,8.15641526,166000
2021,80118,1875,1,18.66339281,1492822.725
2021,128714,3450,1,13.37838193,2435334.563
2021,229699,3184,2,24.54346009,2106824.858
2001,165185,1609,3,11.29318986,166000
2022,89363,4109,3,13.8790857,2870531.128
2005,216027,4538,1,14.0832997,2247736.504
2013,278958,1959,1,8.143675433,228895.1875
2000,277168,2331,4,22.2665352,166000
2017,199360,3482,3,8.543905822,1515331.332
2006,62836,1053,4,23.98305719,166000
2000,274579,4348,2,23.16526397,1301019.787
2000,260095,3985,4,17.10387257,1165501.051
2000,266176,2031,1,17.24112477,166000
2023,254717,3223,3,19.11422469,1612118.426
2003,139479,4375,3,14.5798502,2276075.763
2003,37940,2373,4,19.00277882,803423.6359
2017,10666,3708,4,8.761062608,2793210.974
2010,161164,2425,2,8.918809665,461028.4911
2000,211717,4798,2,15.77291713,2359794.148
2009,31505,4683,1,17.34357912,3409120.415
2008,41713,4315,1,23.09289989,2718321.669
2022,209354,4203,1,9.779230776,3024497.985
2003,82511,2758,4,21.98501476,1056088.878
2005,217204,4809,4,11.57080473,1974486.411
2015,255694,3535,3,14.69942202,1219353.831
2001,254836,3974,1,13.38224139,1347472.815
2022,239561,1201,4,14.80263964,166000
2017,8880,1774,3,10.55842347,1046876.987
2009,48539,1023,1,16.56069126,166000
2023,245056,1035,2,21.62792403,166000
2023,224057,4298,2,15.50607818,2581557.796
2016,19799,4034,4,16.34043079,2510601.258
2012,109843,1025,3,22.42904895,166000
2023,53784,3077,2,20.00298795,2020754.709
2017,118034,2141,3,16.33772494,1036121.059
2021,205598,4836,3,12.38082602,2788606.174
2012,59362,1009,2,23.0437547,295261.8469
2016,58997,4527,3,17.80934683,3403844.054
2004,186413,4728,2,11.75950937,2150841.622
2010,281693,3603,4,12.57503579,1251878.183
2006,221398,1909,1,21.65326251,166000
2009,265464,2826,1,8.750474555,933192.6148
2016,162255,1193,4,24.86556718,166000
2014,29624,1643,2,10.21597856,648313.8084
2017,198587,2324,2,21.53316493,1078316.071
2022,239784,1403,2,14.71118039,166000
2021,51705,1381,2,16.36767512,731677.0376
2018,94326,2739,4,22.97105982,1561415.278
2001,73369,932,1,15.01949022,166000
2003,206893,3638,3,17.13739381,1506216.689
2002,276733,4185,3,8.838094261,947261.849
2006,118012,4570,1,8.039907056,2569144.047
2023,180858,3068,4,12.16159784,1686495.821
2017,230758,1775,3,19.56991258,291577.3123
2009,128711,2613,1,10.06150319,1272097.921
2006,81425,4063,4,9.9339533,2066438.55
2007,20994,2343,3,14.98633034,1079702.444
2005,116915,3635,2,19.01322966,1949799.067
2021,109672,3538,2,20.10522387,2499634.009
2000,293783,2157,4,11.03366146,166000
2003,284349,4934,2,9.352998505,2077111.336
2013,37930,2116,4,23.98674958,1058730.846
2016,78313,961,1,12.4313285,166000
2019,229923,2709,1,22.50689046,1248256.924
2017,118153,1927,3,22.67935466,1129161.818
2010,285460,4670,4,21.13288406,1553058.16
2020,237911,2458,3,10.87017131,842423.6004
2013,101058,3925,3,21.97062481,2461760.793
2008,92876,2763,1,21.07725951,1190212.612
2014,90366,3089,3,18.14429083,1835960.973
2011,18403,1766,2,13.7324346,949340.795
2009,253550,1689,3,12.46264627,166000
2018,266420,3861,4,10.07211661,1203480.677
2023,168004,4429,2,16.66587014,3233327.487
2018,257396,3989,1,17.94943488,2044672.926
2005,62241,3548,4,14.10876284,1872715.559
2019,146439,2466,2,16.08110415,1414022.726
2023,70030,3866,4,14.17974578,2593007.564
2005,182577,2241,2,18.89710297,529663.7115
2007,169404,1867,4,23.32140653,166000
2000,212397,3723,4,10.78664445,674352.1362
2021,110185,4656,2,14.48394977,3509490.976
2016,41404,1626,1,10.39476627,765149.0562
2016,60182,4785,1,18.6240441,3432607.917
2023,109601,2892,4,20.39079866,1802094.174
2014,183735,3979,4,23.84251645,2192546.82
2006,127002,4701,1,12.74082275,2705262.469
2018,230461,3162,1,24.1535905,1786475.562
2021,89146,3024,3,9.075465421,1653261.591
2022,52997,2526,1,18.25123568,1848876.825
2002,12170,2806,4,8.971256229,1121641.839
2021,149375,1066,2,23.19416119,632946.1164
2010,40187,1637,1,17.00675397,749853.1845
2019,201106,1486,3,19.37892196,402627.1004
2018,137965,4161,3,22.13675674,2715445.57
2008,149825,1156,3,10.55528058,166000
2009,43090,4615,2,8.656056553,2924360.784
2001,258478,1671,1,22.94097948,166000
2000,22509,2773,1,13.35386487,1409556.999
2015,73653,2610,1,10.19264143,1760023.368
2017,173001,3441,2,15.96384103,1964782.632
2022,271186,3028,2,18.17120329,1596014.969
2016,198646,4191,4,8.526500258,1930033.908
2005,228354,4978,3,12.67322619,2246617.79
2013,19016,3150,3,8.557597863,1810405.504
2022,292166,3539,1,15.14570162,1820997.549
2014,237034,3530,2,23.21670049,1649519.036
2013,32938,2118,2,24.705091,1488494.118
2023,179750,2335,1,18.82980841,1184116.035
2021,265710,3243,1,10.74784079,1525550.799
2002,237320,2572,4,23.39943963,365831.1111
2023,192877,4009,3,16.77621299,2130675.325
2022,138058,1677,3,10.61373831,973848.1529
2018,81478,3670,3,23.66935338,2514374.353
2011,132101,4000,4,20.87697386,1869181.99
2001,196996,4944,1,20.43898964,2572517.415
2002,210380,4547,1,20.05607196,2201915.41
2017,237200,3636,3,11.40577696,1628241.431
2000,68745,1092,3,11.58711376,166000
2019,137283,2451,4,19.70098097,1334717.699
2020,106489,1336,2,11.73528675,537703.8578
2005,36819,3486,2,15.45741885,2075900.138
2004,52779,1033,3,21.29403104,166000
2000,218493,3452,4,21.32719281,1237676.932
2018,70584,3174,3,15.70545013,1817160.333
2000,151245,3072,2,21.46722895,1098131.429
2020,253815,1766,3,22.25657054,336200.9097
2020,295180,1689,2,19.13118777,255955.2644
2015,259957,4663,2,11.88323949,2267650.482
2011,76356,4200,2,12.65820027,2342799.072
2021,150364,834,1,13.35229964,166000
2007,8052,4323,1,9.985669831,2937120.581
2015,203910,2563,3,12.64371355,1074222.647
2000,151692,4091,2,11.56182681,1543554.425
2003,35461,3288,1,15.74058875,2038849.788
2009,287894,3500,3,23.44343831,1579391.76
2010,14472,2358,3,9.776165385,1125156.574
2016,117036,3076,3,20.24455471,1566643.8
2022,193674,4806,3,19.68381108,3070926.419
2006,292667,1903,3,9.627821377,166000
2011,166838,2219,4,23.68373088,723131.0199
2020,71060,2278,2,17.66402744,1417392.33
2006,276223,4714,3,14.18333386,2222400.849
2011,144471,4542,4,20.86115592,2418588.174
2014,283676,3756,2,12.37521279,1234445.077
2001,48162,2182,1,19.78966723,1044410.106
2013,278497,3374,3,8.675090529,664076.8616
2012,117313,4184,4,22.26993664,2450166.457
2003,33477,2369,1,15.6189044,1608149.33
2013,160642,2694,4,18.82377954,1049831.211
2013,91373,3043,2,11.76104294,1491677.933
2015,174176,2666,2,19.51025312,1223291.823
2006,199442,828,1,21.12808469,166000
2018,9551,1505,4,16.04462418,880022.0014
2001,73359,1820,3,18.50135771,378218.343
2009,148988,2863,3,15.7575407,934072.5218
2017,131150,2246,1,23.19955328,1570153.062
2016,177517,4464,1,16.46377607,2825912.104
2004,296829,3787,1,22.31074805,1447875.879
2011,112967,4402,4,21.62298499,2526515.7
2005,99455,4485,3,14.97858196,2692995.645
2021,263835,4168,3,11.91143636,2104583.894
2008,180405,4381,3,14.90339625,2226519.345
2019,244646,3562,1,22.04569539,1820242.035
2000,194937,4837,3,11.86975311,1950768.702
2021,66192,1372,2,16.91541788,927101.2177
2014,196758,4888,1,21.70364472,2987636.068
2020,240161,1414,3,14.00911708,166000
2005,293137,4850,4,18.91756383,1854244.575
2018,166564,1125,1,12.17573676,187152.8401
2017,157053,4540,2,9.857750571,2677648.425
2005,291287,1158,2,21.50453183,166000
2012,196349,4577,4,9.682466598,2275785.202
2000,112044,3171,4,12.61348372,688551.3146
2022,186062,2521,1,22.53686017,1242677.596
2022,133406,2149,1,13.88997788,1308930.862
2012,74351,4496,2,24.54177094,3002669.874
2006,186071,4696,4,24.65548369,2589682.715
2014,239085,2396,1,12.56069235,825974.7223
2011,238883,2427,2,8.696629778,539791.6029
2000,75309,3302,4,19.98607583,1692478.625
2014,166805,4608,2,15.66677055,2756174.813
2003,124156,992,3,9.712798347,166000
2012,26576,3474,4,20.02788792,2137081.977
2022,8320,4645,1,8.529973455,4162012.965
2004,146822,3377,1,22.79334374,1946751.392
2001,108002,891,3,10.35709299,166000
2022,189535,1280,4,10.16430194,166000
2000,31572,3716,2,10.98642907,2157774.324
2015,285092,1875,1,24.32452809,254480.2086
2022,121528,3313,3,19.78387912,2091361.598
2005,174898,1598,3,21.6233161,166000
2022,94051,4749,4,14.75979476,3352891.858
2015,295011,1404,4,13.71731637,166000
2013,196303,3779,1,11.98622812,1801394.894
2002,227428,1397,3,16.17101648,166000
2014,262412,2332,2,17.38108847,551775.9086
2002,208305,1313,3,18.74017234,166000
2022,280107,2677,2,12.37101457,936840.8715
2001,54434,4772,2,24.12711938,3211816.382
2000,71617,4643,1,10.88589447,2499835.188
2008,122569,2499,3,24.41610397,841235.0364
2008,212384,1829,2,8.252554083,166000
2022,86494,1516,4,16.17913676,697693.2027
2006,224977,4886,2,13.66725325,2521916.663
2002,82225,1465,4,15.63509804,166000
2017,87867,3008,4,17.70129784,1988937.137
2010,173600,1879,3,15.40501569,549861.4762
2006,260669,1027,4,15.05239646,166000
2008,95748,948,2,20.45629806,166000
2000,259265,1869,4,19.65989668,166000
2013,169404,2163,3,22.16561179,891699.3316
2019,134529,2555,1,12.24930268,1607540.958
2005,269395,1319,2,18.36198467,166000
2006,163099,4344,2,17.94831135,2269517.646
2009,102382,3122,3,14.28554278,1000109.386
2006,14583,1902,3,16.26297821,644079.2825
2001,55387,1397,3,13.33429644,166000
2003,290248,4073,3,10.41135476,1024498.969
2020,17224,4849,2,11.63462058,3793117.44
2016,232444,3405,1,9.793731989,1498035.419
2000,271285,2988,4,19.61218278,173383.8905
2009,159422,1388,4,19.23236568,166000
2018,141149,2207,1,24.16030832,1154827.612
2014,51015,4190,1,20.40453303,3251371.867
2009,176929,4240,1,8.884779259,2075701.827
2018,237268,2429,3,23.03216796,788761.9628
2011,195912,1794,2,22.66547777,229420.3269
2023,10577,2859,2,15.53644545,2394253.368
2015,287146,3786,2,17.95967186,1743592.068
2008,55711,1200,3,24.59333165,166000
2014,44451,3655,2,17.04917419,2679286.087
2016,185175,3024,3,23.39047108,1745662.664
2013,39831,4212,2,9.411658883,2648563.922
2017,254402,856,1,11.24788177,166000
2001,236376,2675,4,15.49283404,166000
2003,249942,4568,4,17.94086574,1681502.404
2017,100119,2153,3,21.87587348,1190807.511
2006,248466,3210,2,24.80045596,767230.4714
2012,228936,3402,4,14.61047544,1059033.509
2014,291542,3734,1,8.806065814,1751508.128
2022,66554,822,1,21.61991556,403366.9837
2021,55755,3002,1,18.27447222,2521042.083
2000,158412,2009,3,11.3752286,166000
2010,68884,3096,3,16.41208376,1384413.55
2009,22482,1548,2,20.61927417,809284.2977
2004,59225,1604,1,21.09700038,461713.6841
2015,194921,933,2,16.493513,166000
2010,79854,3237,2,13.18864701,1826410.318
2020,46256,1233,1,24.55362389,1027306.915
2005,245617,4471,2,19.27716439,2133080.621
2008,113721,4536,4,14.94003783,2699032.451
2012,86110,4839,3,12.76787481,3150210.783
2023,118606,2898,2,20.42875071,1774887.103
2007,19650,3717,1,12.11711858,2296081.522
2013,182190,1052,3,10.91906981,166000
2023,33930,1929,3,17.00717611,1530845.139
2000,221779,4064,2,12.92978567,1857173.284
2016,265102,1101,4,18.69138746,166000
2023,278945,2777,2,10.00495747,1104509.688
2004,56360,3563,4,19.13399878,1887553.953
2001,152631,4805,3,12.81604098,2316405.344
2023,299478,4041,2,8.004129885,1706589.29
2008,241545,3857,1,10.15791298,1582015.449
2003,18288,1350,2,23.87146142,562843.0353
2016,158470,2387,4,22.74502886,896086.74
2016,212302,2622,4,11.97135354,856815.3667
2020,279335,4017,2,21.23232238,2295190.415
2017,285195,4296,4,18.34571708,1871652.701
2015,66715,1512,3,24.50538009,645965.7841
2007,15737,2975,2,14.35129621,1560199.66
2010,70140,4872,4,19.58483041,2986807.694
2020,161323,4649,2,9.080107281,2752666.854
2020,187047,3233,2,14.7362049,1628791.507
2017,272291,4101,1,24.38490024,2499241.337
2022,55508,1070,2,17.16267487,500173.0159
2023,286787,2594,1,12.89395156,1031885.776
2009,108535,3262,4,10.04460637,1344304.003
2012,203360,4194,1,19.95998178,2541603.443
2016,63959,1879,1,18.96255274,1370071.467
2017,203208,3678,1,14.35695813,2176187.922
2009,196812,1403,3,24.16600298,166000
2015,117255,2385,1,8.377447821,1095651.501
2019,91322,3857,2,13.16330548,2427983.37
2004,6132,4785,1,23.65818127,3706953.803
2012,174331,2195,2,13.45590245,490138.6097
2017,232684,4488,1,12.28829818,2658552.443
2016,264427,1399,3,17.08174697,166000
2008,113835,1313,4,22.00462975,166000
2013,147003,1866,1,9.753494935,691935.6455
2016,263228,3686,1,24.03135206,2036263.636
2003,78169,3453,3,21.51623898,2023600.214
2017,265529,1888,1,11.08125434,166000
2019,258608,3314,2,20.10413534,1382672.02
2023,239385,4769,1,14.54429828,2956346.302
2023,194973,4084,1,14.83900953,2695579.296
2014,105417,2996,4,21.31593157,1624207.227
2010,6044,4983,4,24.36734174,3495494.582
2011,182763,1589,1,10.15314984,166000
2008,236807,4275,3,15.15071403,1940602.98
2012,29363,3953,4,16.17600734,2883564.455
2014,288445,2464,1,14.39730089,624634.1503
2014,6620,2109,4,14.1742151,1270905.467
2004,100419,1664,1,8.888567349,252457.2888
2022,173606,4663,4,19.65415655,3085493.846
2018,207701,4163,4,15.41564509,2381387.109
2019,185324,4324,2,11.31149464,2658228.242
2013,27259,4586,1,21.87256954,3423435.394
2016,25655,823,1,21.64353272,347270.2341
2017,26602,3803,1,16.26865768,2859821.791
2020,147182,1110,1,13.07366124,289162.973
2002,6537,2031,4,18.84757634,632501.4457
2001,261210,4588,2,12.89858631,1828315.254
2000,182274,3511,2,12.01213482,1226493.26
2009,176236,1221,3,20.41874912,166000
2018,94743,2573,1,8.685529075,1726030.297
2016,91155,4368,3,9.611064008,2797139.644
2011,94846,1746,4,8.115398958,166000
2000,239507,1986,3,10.60003417,166000
2011,297706,2634,1,9.172830148,446323.4666
2016,295180,2364,2,24.92864025,306700.8147
2023,196824,2747,2,12.90976949,1659010.884
2002,88049,2108,1,10.53755622,545294.8167
2010,244647,3786,4,12.09693639,1436708.665
2016,294962,1186,1,23.91413472,166000
2022,25104,1961,4,16.84272379,1241933.905
2002,132904,4058,2,14.20190764,2027131.027
2007,107499,4733,4,22.84765478,2764302.775
2019,232336,3647,1,14.7148346,1944523.434
2003,299461,2239,1,13.69514569,166000
2020,178084,4242,1,11.52380288,2959096.661
2021,157472,855,4,14.42254601,166000
2006,208141,4124,4,13.38363405,1776914.24
2013,124415,905,4,19.51416731,166000
2013,199716,4001,2,12.92290598,2238406.935
2003,85206,1469,3,17.81239569,174017.9203
2015,195545,1542,3,9.120166806,166000
2023,28723,1766,1,11.25191566,1329688.901
2021,202327,1107,2,14.92588962,166000
2000,5074,2938,4,23.92813732,1825129.229
2016,260245,4264,1,14.41328376,1949166.468
2009,293642,909,2,19.28926006,166000
2021,201594,4432,1,12.33648278,2646402.042
2015,101881,2715,2,10.15957079,1414986.271
2015,50929,1356,2,8.995122201,441295.5788
2007,128199,904,3,13.19202948,166000
2006,236525,2847,1,10.68023746,685485.9803
2005,293172,945,4,10.95817762,166000
2015,34545,3563,3,20.93290824,2668258.479
2019,84569,1673,3,8.269247206,379070.3308
2015,36673,1098,4,17.48277214,391961.9766
2006,28525,4038,2,14.45084347,2464340.3
2008,62804,1445,4,16.61135,166000
2013,151115,3878,1,17.56811403,2335839.082
2010,46846,3311,4,13.32725081,1561997.583
2013,82261,1583,2,13.01685062,531179.0647
2006,238312,1170,4,20.46783144,166000
2000,189100,1286,2,22.8117088,166000
2012,296627,2837,2,11.27388775,451911.1693
2019,12265,3996,1,9.659518929,3019263.257
2002,289907,2160,4,23.26252871,166000
2019,211724,3061,4,13.94822288,1184273.909
2003,20733,3421,1,17.37239564,2036147.794
2010,96038,1756,2,14.11223346,253389.5122
2001,145319,1180,4,10.13863972,166000
2013,26058,4449,1,18.01863796,3595614.382
2011,251301,1038,2,16.92739448,166000
2016,167434,1905,1,11.45089051,635017.5948
2011,91489,2186,4,15.68177376,912859.9818
2011,89664,3352,1,21.54810757,1808169.124
2000,183428,3049,3,18.03724375,1031815.944
2012,82597,2327,2,9.64759456,1172136.451
2013,273185,2467,3,17.31636545,374010.9647
2023,83209,4932,3,19.94655109,3952727.411
2001,263109,3491,2,21.4759579,957885.5224
2011,197941,4472,2,18.69499884,2377609.65
2020,157131,2796,1,10.5951888,1632872.082
2015,104864,2225,2,20.07294553,987258.4489
2003,153620,3612,3,19.51481138,1691972.58
2007,171562,4047,3,8.41525701,1615426.658
2001,212158,3392,4,14.99971035,681590.3967
2009,120158,2290,2,13.6601542,647794.3548
2008,6468,2024,3,19.38000509,1146362.891
2022,291453,3387,4,11.67430881,1236588.866
2014,77255,3864,4,18.04482269,2173788.506
2012,263078,1632,1,23.52450135,166000
2022,33718,3240,3,21.56264033,2528391.096
2016,230409,2446,1,23.66478152,814276.5909
2015,244967,1240,3,24.63460144,166000
2001,173913,2329,1,8.181392159,618617.3513
2019,219637,3765,1,18.5866017,2047140.181
2019,252113,3167,2,15.01826976,1363019.295
2013,267911,4086,1,22.61752634,2013038.945
2002,63026,2104,2,12.28084993,498178.9788
2022,47968,3834,4,24.67750131,3039442.881
2011,176169,4488,3,18.43303548,2627318.769
2007,150693,4773,4,21.49013584,2563161.869
2001,81870,1985,3,9.455192398,166000
2003,23174,4062,4,11.11878404,2426416.793
2013,45502,2907,3,20.89286244,1807971.595
2015,42260,2640,1,8.373770875,1944059.018
2018,203681,3547,3,21.88692576,1549789.559
2001,185536,3933,3,8.237133318,1418588.948
2011,76805,4220,4,19.17102026,2907586.838
2013,200991,2265,4,14.20659664,393025.0078
2005,264636,4909,4,18.3954125,2082162.539
2012,190541,3011,2,19.83253392,1381159.854
2003,22194,3604,2,13.82207873,1956901.301
2021,162883,2343,3,9.835361618,965188.6121
2017,135864,2489,3,9.183979752,1017411.158
2011,48723,2371,1,18.01191238,1296575.454
2019,236408,4079,1,16.85114101,2556195.928
2021,247113,4341,3,20.61741716,2581299.128
2020,81298,3823,2,16.66550367,2780454.947
2018,64238,1618,3,15.18157843,923089.2891
2007,264425,1924,1,14.76748203,166000
2006,110433,1929,2,8.449597344,200018.5321
2015,112092,2502,2,13.70447243,1157936.808
2018,269291,2801,1,24.59234268,1242301.223
2005,234991,4678,3,22.8504448,2032015.59
2019,189875,2606,4,13.59942714,936705.9118
2020,197180,3747,3,17.99252189,2048213.501
2010,111170,4009,3,22.40404467,2719197.976
2004,218482,2952,1,15.50166372,385834.0378
2015,122116,1344,2,8.305283684,166000
2006,144805,3201,1,9.266677851,1624681.272
2004,276623,3164,3,16.67667626,654693.557
2010,80361,2089,4,24.48046939,977314.9424
2014,157376,4565,4,19.78456222,2692334.501
2002,129232,2675,4,9.205575254,439472.4079
2004,86171,1582,1,11.21913489,166000
2022,91296,1339,2,21.11249343,826564.6351
2020,145562,3582,1,22.30447592,2319981.304
2004,157324,3468,4,18.50080797,1196303.135
2008,142934,4737,3,18.95519388,2615858.234
2014,246535,3756,2,8.481736657,1902303.572
2002,263970,4522,1,22.08501441,2386098.771
2005,176999,4667,1,21.40067854,2617371.931
2016,236449,2633,2,12.40359745,793375.0085
2020,36826,2946,2,20.04750424,2056221.085
2007,193337,2970,3,11.65252831,937961.0867
2020,77361,4191,2,8.685612738,3224125.351
2010,245028,2416,3,11.41932122,265416.0281
2005,222256,1716,4,11.0366909,166000
2007,45736,3556,4,13.74171594,2022016.33
2009,291674,2736,1,15.11364145,727895.7002
2023,214124,4842,4,16.64516116,2728304.699
2002,183130,3891,4,16.10481588,1479676.818
2022,111080,1768,3,12.6014683,917045.8925
2013,140958,4164,1,8.495901366,2419040.451
2022,229793,4003,2,18.28672758,2250640.755
2013,123623,1689,1,14.72766211,720959.3201
2009,157647,1592,4,13.07742668,166000
2011,117260,4258,2,22.73799773,2431420.859
2005,171862,1781,1,20.69463623,166000
2011,298132,4331,1,22.58201432,2277644.658
2022,223976,4329,1,16.41470751,2830919.965
2013,146041,1601,1,10.22583129,326112.2582
2001,279548,842,3,19.83576441,166000
2008,246356,4149,1,11.50325426,1735932.884
2009,175534,2577,4,15.50090437,493186.629
2016,286504,4001,4,9.105013412,1505859.986
2016,201544,1149,3,22.03024284,166000
2002,251512,2367,2,10.1409909,166000
2018,245037,1929,2,23.35265762,463704.9388
2000,39160,3759,4,22.69192024,2065881.964
2011,273933,4587,4,15.897907,2014665.513
2006,163253,2580,3,20.65425947,901217.9942
2003,150457,1383,2,18.53056625,166000
2009,70641,4177,2,21.65228592,2878834.032
2012,91673,4201,1,15.34068671,2816647.084
2001,236322,3985,1,21.35874423,1604338.059
2009,272688,2994,1,15.86176589,706859.3044
2020,251855,1962,3,23.99641839,647933.0079
2021,241361,1098,4,16.26832571,166000
2003,68248,4147,3,15.86452762,2316921.561
2017,207821,2739,2,21.34622165,1585525.148
2004,260949,1588,4,21.96682076,166000
2018,282749,3689,1,17.42631494,1612647.356
2001,55713,2177,3,11.05656283,656203.4433
2011,8981,2749,3,15.95188993,1723072.398
2016,100335,4072,1,24.45723255,3130947.652
2009,112441,1677,3,20.80076528,355004.2613
2001,21984,4542,1,21.78976427,2817252.567
2005,130580,2377,2,8.55803348,541609.8776
2007,137596,3939,4,15.95361086,1629751.001
2018,123454,3292,2,18.99255927,1891456.332
2010,54402,3555,2,22.11055562,2464842.627
2011,96656,2703,1,8.837652111,1469955.336
2008,70614,2182,3,22.49146106,997128.8648
2001,171963,3122,2,17.32281592,717473.4259
2007,263789,3356,2,11.3543375,906742.659
2010,136049,2661,2,13.39333868,874506.0906
2020,274754,2666,3,12.79280238,1023715.94
2003,114381,4847,3,17.02460358,2572039.395
2009,20791,3975,1,8.878656558,2433118.929
2020,63047,1898,2,10.69511469,1122680.017
2019,239898,2534,4,21.81578174,782519.637
2015,155737,4216,3,10.25426784,2605493.785
2007,75246,1480,1,11.96773658,166000
2003,201936,2870,2,15.7073003,493534.8939
2009,239955,2529,4,16.7910551,166000
2011,50890,2991,3,20.98137815,1784516.818
2013,37888,1467,4,15.60465125,396131.6119
2015,142821,2412,3,21.42769856,863754.4814
2021,51531,1480,1,18.51188722,1270255.27
2017,287752,1772,4,9.92269557,166000
2020,61017,3646,2,10.65763445,2571692.014
2021,62676,2932,2,15.42957333,2324063.674
2020,16560,3263,3,14.74711968,2537849.168
2011,55468,3329,2,20.64025258,1991911.913
2017,168535,3303,4,17.87253138,1502243.224
2006,99346,3983,1,14.59826238,2400220.192
2019,145790,4833,3,10.90292482,3155146.967
2023,198709,3967,4,11.85623074,2277959.21
2022,267172,3797,3,17.78351731,1823933.952
2006,52599,4027,1,15.19845968,2605837.877
2008,153469,2952,3,16.75376765,1011463.378
2000,245270,2528,2,10.9015164,166000
2005,50406,2824,2,19.26940629,1698799.973
2005,72560,1129,3,22.49315859,166000
2021,109143,3286,1,12.38497162,1969910.862
2011,149575,1955,1,16.35574184,434696.2307
2021,59943,2690,2,24.58396459,2225083.967
2011,80839,2985,1,13.66510959,1747194.338
2009,87674,3117,3,18.11578786,1589591.334
2022,30345,4421,4,9.533326903,3160741.905
2005,254495,3311,3,18.30225504,997362.9284
2016,55390,1249,2,9.523740146,284444.1812
2018,231113,2154,2,24.3070024,826437.7742
2017,6906,2093,2,20.16626509,1423901.842
2005,12961,3265,1,21.3987164,1949369.084
2023,162212,3902,3,19.96977413,2459155.536
2018,194773,2649,4,18.02539361,1004765.948
2009,86199,3975,3,15.64851728,2280183.784
2023,265928,3999,4,22.59234746,2214687.43
2007,104764,2033,3,24.26620635,166000
2020,127357,2237,2,16.48361494,1094236.465
2023,99968,4152,4,23.83609584,2946971.375
2005,165576,4830,3,17.91665947,2790016.446
2020,45297,1052,1,17.15253118,500129.0346
2006,91394,818,1,15.72620646,166000
2023,21939,3559,3,11.55789195,2970959.188
2000,204294,1022,2,8.063234234,166000
2017,67119,802,4,12.10560586,166000
2023,171393,2059,3,16.66529392,809155.8046
2019,149258,3368,1,14.45931919,2000274.797
2011,223827,2685,4,15.62424888,512714.0829
2015,272201,2099,1,24.67101973,402586.4644
2009,154805,3138,1,13.9546303,1898583.53
2009,286301,1876,3,15.68710997,166000